"","Year","Month","Week","Day","ActiveEnergy","ReactiveEnergy","Kitchen","Laundry","EWAC"
"1",2007,1,1,1,45816.733329,2469.4333336,0,352,5880
"2",2007,1,1,2,21153.933333,3172.3666666,0,348,6562
"3",2007,1,1,3,16900.900008,3278.8000005,0,344,4765
"4",2007,1,1,4,54323.533339,3371.6999986,1051,7597,10896
"5",2007,1,1,5,45222.733314,2885.8999998,1483,379,7602
"6",2007,1,1,6,25139.633328,3203.1333341,1336,402,5678
"7",2007,1,1,7,40793.666668,4101.2333338,1987,8177,12810
"8",2007,1,2,8,37356,3459.4666663,0,467,17547
"9",2007,1,2,9,31150.900011,3454.1333331,1688,4267,9790
"10",2007,1,2,10,35913.333336,3807.533335,771,4456,11012
"11",2007,1,2,11,37586.566651,3833.6666661,1378,2170,12415
"12",2007,1,2,12,24354.933323,3319.0000007,0,439,8276
"13",2007,1,2,13,53113.566628,4845.6000008,7806,2975,11341
"14",2007,1,2,14,50183.966665,3790.5333348,1777,4215,12991
"15",2007,1,3,15,35811.30001,2914.3333338,1099,2239,15163
"16",2007,1,3,16,28106.733319,3090.4666656,2063,644,6583
"17",2007,1,3,17,47461.466682,3345.8666669,3500,5737,16064
"18",2007,1,3,18,30357.699992,2961.8666677,0,336,13491
"19",2007,1,3,19,24674.000008,2834.1999997,2103,330,7172
"20",2007,1,3,20,52228.866658,3972.7000008,4324,5222,11440
"21",2007,1,3,21,56787.700006,3828.9333327,10346,5567,11599
"22",2007,1,4,22,36341.566666,2810.7000001,1054,2983,11361
"23",2007,1,4,23,29627.33331,2304.666666,0,1064,5061
"24",2007,1,4,24,49797.566665,2967.6666662,3464,2480,11744
"25",2007,1,4,25,26605.733343,2402.6666671,1158,262,11239
"26",2007,1,4,26,26966.200009,2381.7000002,1163,261,8238
"27",2007,1,4,27,34067.866673,2470.7000008,1170,3896,12374
"28",2007,1,4,28,51539.166674,2560.1000003,3466,3997,12062
"29",2007,1,5,29,33044.39999,2761.5999991,1123,294,15254
"30",2007,1,5,30,28463.299987,3015.566667,1123,1424,8149
"31",2007,1,5,31,39395.866663,3099.799998,0,5950,15052
"32",2007,2,5,1,30412.666675,2504.3999999,1170,386,13145
"33",2007,2,5,2,27795.599998,2325.6999989,0,356,11338
"34",2007,2,5,3,67162.03334,4097.0666669,4746,4573,17834
"35",2007,2,5,4,59932.333349,3108.2333333,3391,4597,14472
"36",2007,2,6,5,27421.333346,2453.7999997,896,2564,7849
"37",2007,2,6,6,21224.666666,2376.0999988,1185,405,4517
"38",2007,2,6,7,38800.300008,2961.8000007,3299,3513,11986
"39",2007,2,6,8,30023.566648,2314.933333,2226,366,10157
"40",2007,2,6,9,27003.30002,2634.4333339,0,3045,9770
"41",2007,2,6,10,47155.466656,3216.2333332,5071,2831,14405
"42",2007,2,6,11,59520.466675,3405.2333342,2430,4765,13114
"43",2007,2,7,12,31293.499984,2278.4000017,2227,399,11517
"44",2007,2,7,13,23575.766663,2244.6333341,0,2828,6256
"45",2007,2,7,14,41644.53334,3375.0999995,3295,3793,11579
"46",2007,2,7,15,33089.100004,2766.0666675,0,2363,14028
"47",2007,2,7,16,28375.466674,2528.1000002,1148,859,8689
"48",2007,2,7,17,34615.20001,3982.7999999,1765,2226,7157
"49",2007,2,7,18,63829.366674,4258.6999996,6107,8003,13129
"50",2007,2,8,19,36443.56667,2943.0666691,1634,2900,13085
"51",2007,2,8,20,52498.800009,3119.2999993,2058,5191,9713
"52",2007,2,8,21,34547.900013,3164.4999971,3527,2332,11548
"53",2007,2,8,22,56259.500007,2301.2333334,1409,4129,12285
"54",2007,2,8,23,21891.333326,2489.0666674,0,503,10786
"55",2007,2,8,24,11915.366679,2036.7000004,0,363,3562
"56",2007,2,8,25,8362.333328,1895.5999994,0,329,1660
"57",2007,2,9,26,9474.733327,1804.6666668,0,331,2830
"58",2007,2,9,27,8635.19999,1886.7333319,0,314,1924
"59",2007,2,9,28,8679.566658,1889.5333322,0,340,1973
"60",2007,3,9,1,8626.066637,1793.7999989,0,316,1980
"61",2007,3,9,2,8594.800003,1783.4666664,0,340,1969
"62",2007,3,9,3,13652.033321,2249.8666673,0,347,4597
"63",2007,3,9,4,34844.999988,2928.033333,1476,8711,9408
"64",2007,3,10,5,44338.866652,3432.6000011,5727,12109,10026
"65",2007,3,10,6,20775.000005,3102.4666682,0,1740,4700
"66",2007,3,10,7,39586.766663,2853.3333348,1076,4761,15513
"67",2007,3,10,8,26202.199992,3123.3999995,2180,3385,6655
"68",2007,3,10,9,21210.199984,1987.3000011,1093,345,8631
"69",2007,3,10,10,41411.866668,4058.8000005,4130,5422,10979
"70",2007,3,10,11,58010.6,2889.5666666,4810,3420,9500
"71",2007,3,11,12,32511.133343,2240.3666671,1403,2841,12353
"72",2007,3,11,13,21502.399996,2111.966666,1350,3859,5323
"73",2007,3,11,14,29889.399999,2625.3666707,3485,480,8607
"74",2007,3,11,15,31413.566683,2655.4333336,0,3263,11036
"75",2007,3,11,16,28367.566664,2170.1333322,1106,4604,5370
"76",2007,3,11,17,33801.50003,2117.800002,2208,359,12275
"77",2007,3,11,18,39517.433331,4024.1666657,6564,7369,5856
"78",2007,3,12,19,35875.300007,2412.733334,1648,2686,14118
"79",2007,3,12,20,34770.466657,2747.8333324,3745,2837,11255
"80",2007,3,12,21,35701.53334,2380.5000002,1865,4133,12335
"81",2007,3,12,22,24249.633347,1897.1000001,353,736,10462
"82",2007,3,12,23,21816.799975,1991.4666673,1127,777,8369
"83",2007,3,12,24,49473.833323,3183.7333324,3707,5797,16382
"84",2007,3,12,25,55608.433337,3934.999999,4630,3600,9358
"85",2007,3,13,26,23601.36665,2682.7666676,1088,344,9096
"86",2007,3,13,27,18418.999978,2528.7666669,0,3019,3697
"87",2007,3,13,28,38898.299999,3275.2999994,1122,8527,13888
"88",2007,3,13,29,26506.766689,3311.6000013,1162,460,10724
"89",2007,3,13,30,23373.233342,3018.7999998,1094,468,8217
"90",2007,3,13,31,58491.833325,3858.3999997,2620,7707,17682
"91",2007,4,13,1,46432.533336,3375.8666663,4629,5401,19509
"92",2007,4,14,2,32679.633311,2905.6000024,1755,970,16641
"93",2007,4,14,3,27380.333334,2812.666667,3630,1042,7637
"94",2007,4,14,4,34197.799993,2871.9666656,3434,420,14748
"95",2007,4,14,5,30734.633324,4075.6333336,1086,4277,10523
"96",2007,4,14,6,26685.666663,2386.9000008,0,5466,9166
"97",2007,4,14,7,25898.733343,2312.1666673,1127,3111,5923
"98",2007,4,14,8,26813.599999,2264.7000001,0,485,3545
"99",2007,4,15,9,16681.999998,2668.5000005,2667,514,3801
"100",2007,4,15,10,12956.066662,2482.3333347,209,742,2572
"101",2007,4,15,11,14791.36666,3207.4333347,0,1112,6421
"102",2007,4,15,12,8961.766667,2463.5333322,0,541,1818
"103",2007,4,15,13,9183.700045,2527.3333328,0,558,1988
"104",2007,4,15,14,9237.799997,2593.5000005,0,578,2008
"105",2007,4,15,15,12102.733311,2859.0666661,0,1026,2893
"106",2007,4,16,16,15873.166677,3101.2333339,952,1305,4656
"107",2007,4,16,17,20395.566636,3639.2333325,1532,389,6199
"108",2007,4,16,18,16637.433333,2753.7333333,1579,355,3430
"109",2007,4,16,19,17144.299983,2494.3333333,733,1605,5748
"110",2007,4,16,20,13709.66665,2427.433334,1069,360,3499
"111",2007,4,16,21,27894.266654,3544.3000007,6575,463,11129
"112",2007,4,16,22,37228.566665,4453.2333346,4264,2287,11102
"113",2007,4,17,23,17576.100026,2260.6666659,1402,506,6005
"114",2007,4,17,24,17201.666676,2254.4000011,1125,527,6680
"115",2007,4,17,25,21069.366672,2745.5999983,0,1469,8812
"116",2007,4,17,26,21257.766659,2726.7666675,1324,1845,7163
"117",2007,4,17,27,18238.866677,2698.8000015,1772,545,4756
"118",2007,4,17,28,10842.4278732583,4380.69726322121,0,18,0
"119",2007,4,17,29,8223.01638747583,3199.50807627712,0,0,0
"120",2007,4,18,30,10789.3230167658,2535.91138975166,1214,500,1131
"121",2007,5,18,1,27730.966657,3026.8000004,4005,995,8546
"122",2007,5,18,2,16724.766666,2668.2000003,7,1490,3754
"123",2007,5,18,3,18170.633331,2515.7000006,1906,1725,7836
"124",2007,5,18,4,16635.466685,2912.3333327,2259,538,3990
"125",2007,5,18,5,26050.866675,2901.6999989,2913,2493,11303
"126",2007,5,18,6,35035.066685,3038.933332,3215,949,10095
"127",2007,5,19,7,27394.399977,2815.3000018,946,4935,9433
"128",2007,5,19,8,29821.533342,3026.8666667,4581,2011,8777
"129",2007,5,19,9,27762.266661,3058.0666679,3018,5631,9474
"130",2007,5,19,10,11798.066682,2805.2333347,946,534,3261
"131",2007,5,19,11,16319.233318,2201.6000006,926,491,6471
"132",2007,5,19,12,24026.099972,3486.2,2247,1075,10408
"133",2007,5,19,13,27245.633331,3677.8333298,3612,2414,8958
"134",2007,5,20,14,24463.033341,4975.866668,3176,2417,5517
"135",2007,5,20,15,15073.200006,1853.0333358,0,408,5318
"136",2007,5,20,16,28215.733306,2264.9000015,2213,5756,9077
"137",2007,5,20,17,20530.266668,2186.4666677,1014,2073,7687
"138",2007,5,20,18,27192.166683,2854.3000016,3270,3913,8116
"139",2007,5,20,19,23824.033349,2797.633334,4683,530,7022
"140",2007,5,20,20,32805.46667,3125.5333352,5420,1733,7611
"141",2007,5,21,21,18667.700001,1954.6666676,0,468,9060
"142",2007,5,21,22,18880.866644,2148.6000037,931,3966,3984
"143",2007,5,21,23,24415.600003,2764.6333323,956,3792,8119
"144",2007,5,21,24,19239.799997,2259.3333347,955,4116,4746
"145",2007,5,21,25,26903.666672,2909.7999991,8060,586,6539
"146",2007,5,21,26,25204.133345,2904.0000014,2373,2754,8628
"147",2007,5,21,27,35896.799999,3664.9000017,4366,5534,10444
"148",2007,5,22,28,27291.133344,2518.3333354,4554,473,9586
"149",2007,5,22,29,17688.999996,1887.3999992,0,1907,4332
"150",2007,5,22,30,26831.100019,2450.9666676,2250,5948,7804
"151",2007,5,22,31,15642.499998,2159.766668,935,477,3552
"152",2007,6,22,1,17422.899979,2390.3333344,0,483,7664
"153",2007,6,22,2,24739.366678,2768.4666694,3971,1250,7633
"154",2007,6,22,3,35133.766654,3040.9666671,4985,7529,8334
"155",2007,6,23,4,15193.633323,3719.8666673,1585,836,4533
"156",2007,6,23,5,24314.866655,4261.5333329,4484,1027,6448
"157",2007,6,23,6,28259.533337,3852.3000004,3330,829,11680
"158",2007,6,23,7,16416.700004,2872.2333341,985,699,3959
"159",2007,6,23,8,35800.766665,3828.8666664,2799,11440,11380
"160",2007,6,23,9,18216.999995,3845.599998,852,599,6590
"161",2007,6,23,10,22346.866678,3984.8666689,4202,1924,5983
"162",2007,6,24,11,13244.233348,3243.8999986,0,487,5328
"163",2007,6,24,12,15312.766668,3606.9333349,1882,475,3898
"164",2007,6,24,13,15454.533347,3471.0000007,957,857,5216
"165",2007,6,24,14,20984.733326,3861.6,3322,2147,7054
"166",2007,6,24,15,16493.40003,4196.0333325,2269,4011,4547
"167",2007,6,24,16,33629.366724,5125.9666665,3289,4498,11108
"168",2007,6,24,17,32451.500018,3996.8999989,4124,5038,8734
"169",2007,6,25,18,11307.899977,3013.5,0,529,4241
"170",2007,6,25,19,14086.666653,3136.0999999,973,537,4391
"171",2007,6,25,20,17904.766672,3788.3666667,1761,2588,5106
"172",2007,6,25,21,13449.100015,3709.0999999,932,2400,3711
"173",2007,6,25,22,9438.233336,3475.433332,0,951,3482
"174",2007,6,25,23,7959.433346,3218.6666665,0,786,2402
"175",2007,6,25,24,11910.93333,2989.3666675,0,791,3449
"176",2007,6,26,25,17870.03331,3287.8333339,1985,3621,4816
"177",2007,6,26,26,15748.466651,3040.333332,971,1334,5231
"178",2007,6,26,27,24680.433338,3449.9666688,2603,6451,7270
"179",2007,6,26,28,21590.633343,3624.1000006,0,4368,9541
"180",2007,6,26,29,21740.699986,3436.5666654,4363,667,6797
"181",2007,6,26,30,22255.23332,3139.2333324,3049,792,8376
"182",2007,7,26,1,17111.066652,2874.1333346,969,736,4690
"183",2007,7,27,2,16117.20001,2948.7333336,1018,5281,3445
"184",2007,7,27,3,17665.199976,3005.6333342,467,3214,4695
"185",2007,7,27,4,16723.50002,4222.2333345,2329,2218,5632
"186",2007,7,27,5,17621.499979,4111.9333322,2922,770,3973
"187",2007,7,27,6,17825.399979,3655.8333335,2826,3563,4005
"188",2007,7,27,7,22636.766687,3567.3999986,997,3047,10177
"189",2007,7,27,8,18151.333324,3281.9999976,1825,2831,5277
"190",2007,7,28,9,19669.30001,2873.7000006,923,594,9386
"191",2007,7,28,10,15138.733356,2937.3999994,67,2227,4631
"192",2007,7,28,11,12039.200001,2564.2666686,1015,647,5284
"193",2007,7,28,12,17826.366686,3484.9666677,1029,2550,6419
"194",2007,7,28,13,13239.699996,3444.9000015,0,633,4427
"195",2007,7,28,14,21469.500012,4307.4999984,3775,1968,6604
"196",2007,7,28,15,17444.033313,4622.3333389,862,715,5585
"197",2007,7,29,16,14227.900005,3899.3333343,830,695,4176
"198",2007,7,29,17,11993.86667,2934.8000001,848,694,3335
"199",2007,7,29,18,12618.033327,2608.5666696,909,671,4628
"200",2007,7,29,19,11298.099998,3116.8666652,1068,703,3130
"201",2007,7,29,20,18507.033308,3718.6333334,2111,2418,4765
"202",2007,7,29,21,17670.799994,3935.9666657,428,512,7756
"203",2007,7,29,22,22954.333311,3645.9333339,7091,2136,5573
"204",2007,7,30,23,16516.966636,2396.1666676,1747,1288,3847
"205",2007,7,30,24,13754.733371,1880.166665,0,1607,5599
"206",2007,7,30,25,7876.000008,1803.9000009,0,151,2333
"207",2007,7,30,26,15408.333385,1918.2000007,975,3633,4346
"208",2007,7,30,27,20041.900023,2007.5999995,1837,49,7157
"209",2007,7,30,28,27031.03332,2978.8333346,907,10265,6559
"210",2007,7,30,29,5351.933343,1976.2666655,0,0,1288
"211",2007,7,31,30,7780.266677,2158.200001,0,0,2528
"212",2007,7,31,31,13538.866676,2429.7666651,3277,0,3575
"213",2007,8,31,1,17741.599986,2419.3333347,1583,0,9812
"214",2007,8,31,2,16990.266646,2415.9,482,0,6869
"215",2007,8,31,3,17722.733318,2089.8000013,958,0,9139
"216",2007,8,31,4,19083.166684,2320.4333358,552,398,7966
"217",2007,8,31,5,13118.299992,2520.9000015,169,0,6647
"218",2007,8,32,6,18162.000007,2573.8999991,1096,0,7985
"219",2007,8,32,7,24726.333345,2186.3666648,437,2168,9042
"220",2007,8,32,8,18758.033319,1984.9333329,1055,1111,9660
"221",2007,8,32,9,17861.333313,1824.5666666,182,4515,6646
"222",2007,8,32,10,17133.500003,1960.9333332,336,2651,8287
"223",2007,8,32,11,18194.166629,1929.5000011,1180,910,10339
"224",2007,8,32,12,20698.399959,2129.5999996,1123,1156,8582
"225",2007,8,33,13,19216.866668,2182.3333339,93,476,11101
"226",2007,8,33,14,15686.499971,2200.1666639,951,685,6256
"227",2007,8,33,15,19864.333343,2662.7333337,338,508,9787
"228",2007,8,33,16,15974.933322,2192.1999998,962,0,7476
"229",2007,8,33,17,16831.533283,2123.1333325,244,0,7769
"230",2007,8,33,18,5799.333214,1987.3333335,0,0,1830
"231",2007,8,33,19,23704.899935,2666.9666676,1025,8912,5989
"232",2007,8,34,20,22314.033345,2597.9999998,1032,6965,7383
"233",2007,8,34,21,10709.266661,2621.8000017,0,38,3296
"234",2007,8,34,22,20163.466627,2571.4666657,3048,1836,7241
"235",2007,8,34,23,18538.533311,2632.5666663,2502,259,5342
"236",2007,8,34,24,27608.399997,4380.1999974,1891,3784,9944
"237",2007,8,34,25,19181.333342,4542.4666654,4149,2191,5678
"238",2007,8,34,26,21915.100016,4989.7999985,1541,3645,5658
"239",2007,8,35,27,20195.499986,4984.7333343,2305,1229,6344
"240",2007,8,35,28,16616.733328,3018.5666667,1038,2468,5483
"241",2007,8,35,29,12466.533347,2923.7666663,957,562,4932
"242",2007,8,35,30,20040.966697,3184.1333352,3822,2580,4221
"243",2007,8,35,31,21330.366656,3120.9333322,1200,666,8738
"244",2007,9,35,1,28358.100013,4830.766667,2497,569,9733
"245",2007,9,35,2,27707.799968,3859.9666668,3613,1617,8806
"246",2007,9,36,3,17315.36669,3140.3666651,621,2515,5323
"247",2007,9,36,4,26415.733313,2993.7666662,2928,3501,9821
"248",2007,9,36,5,20609.533333,2481.0666663,0,4144,6705
"249",2007,9,36,6,15024.566652,2867.1000002,0,3888,3461
"250",2007,9,36,7,22274.933301,3028.9666648,3632,551,9388
"251",2007,9,36,8,24495.866617,3105.4999996,3339,1801,9164
"252",2007,9,36,9,27991.69997,3485.8666667,2184,4438,9233
"253",2007,9,37,10,18622.933328,2958.3000003,935,595,5613
"254",2007,9,37,11,16392.866649,2529.4000032,943,550,5792
"255",2007,9,37,12,21462.733336,2863.2333329,0,3217,7755
"256",2007,9,37,13,19106.36671,2765.9666663,1175,2523,3853
"257",2007,9,37,14,18924.500005,3052.1000001,901,676,5804
"258",2007,9,37,15,18255.19999,3074.4333351,0,1449,6464
"259",2007,9,37,16,27537.066658,3205.8666678,3118,3064,9310
"260",2007,9,38,17,24353.100004,3371.8999981,6651,926,6279
"261",2007,9,38,18,19458.666634,2452.2,1888,2029,5425
"262",2007,9,38,19,21644.733315,2529.8999998,0,2743,7937
"263",2007,9,38,20,20925.533318,2215.1333339,1056,489,9996
"264",2007,9,38,21,20646.333281,2547.233331,3130,2745,6316
"265",2007,9,38,22,19602.866695,3057.1999995,944,1311,7688
"266",2007,9,38,23,23632.833306,4049.5666671,2831,1929,7382
"267",2007,9,39,24,22575.499987,3293.7333355,929,3935,7955
"268",2007,9,39,25,29405.70002,2167.9666677,916,2253,9820
"269",2007,9,39,26,30492.200013,2820.466669,1058,9417,5695
"270",2007,9,39,27,23210.000025,2511.833333,1066,643,7324
"271",2007,9,39,28,28008.299999,3711.9666663,996,3722,9952
"272",2007,9,39,29,38275.366671,3035.3666656,4085,7457,8190
"273",2007,9,39,30,25271.499997,2726.4666655,1405,582,10225
"274",2007,10,40,1,28682.033321,2445.5666678,1507,6622,5960
"275",2007,10,40,2,36647.733331,2697.133333,508,8022,12815
"276",2007,10,40,3,21340.900012,2628.9666663,979,5024,3692
"277",2007,10,40,4,25307.633354,2307.4666663,2400,444,9710
"278",2007,10,40,5,23234.866666,2510.5999996,0,351,9425
"279",2007,10,40,6,29270.666664,3103.2000014,4840,347,9666
"280",2007,10,40,7,35101.9,2552.9666681,2498,8255,10886
"281",2007,10,41,8,18254.033326,2031.6000023,0,420,5082
"282",2007,10,41,9,28130.966687,2663.3666671,2034,2147,9290
"283",2007,10,41,10,19449.533336,2212.5333344,1863,2117,3345
"284",2007,10,41,11,28874.09999,2551.8000001,2630,414,7806
"285",2007,10,41,12,31908.40001,2299.7333333,1020,5028,11659
"286",2007,10,41,13,32112.133352,2086.7333333,969,3799,8463
"287",2007,10,41,14,34354.199993,2500.8333337,2930,7494,7126
"288",2007,10,42,15,21105.49998,1969.7000022,1061,339,7654
"289",2007,10,42,16,32740.699985,3090.2333342,0,7871,9876
"290",2007,10,42,17,26282.166651,2273.3333339,1065,453,8968
"291",2007,10,42,18,25308.833343,2041.6666669,1162,317,9864
"292",2007,10,42,19,34760.799997,2024.6333344,1299,3124,11648
"293",2007,10,42,20,27670.766675,2325.733333,2363,296,13225
"294",2007,10,42,21,32365.666652,2567.133334,3712,4357,7313
"295",2007,10,43,22,27548.266661,1940.1666667,0,299,13027
"296",2007,10,43,23,32640.066647,2138.3333362,1067,5186,10680
"297",2007,10,43,24,31093.933329,2446.3666674,4459,364,9115
"298",2007,10,43,25,30898.63334,2203.3333339,1478,2433,7385
"299",2007,10,43,26,23959.466681,1827.9333352,0,348,5766
"300",2007,10,43,27,29761.466684,1819.7666674,1374,4856,8949
"301",2007,10,43,28,8535.966674,1538.2999999,0,283,1765
"302",2007,10,44,29,9090.466652,1449.9666662,0,269,2749
"303",2007,10,44,30,13516.800017,1497.3333345,0,1935,4256
"304",2007,10,44,31,21386.83334,1786.6666666,0,4700,8915
"305",2007,11,44,1,8270.266674,1417.433333,0,293,1991
"306",2007,11,44,2,24060.033316,1556.033336,1346,2115,12245
"307",2007,11,44,3,8209.166648,1468.7333319,0,282,1936
"308",2007,11,44,4,24761.433349,2313.3666664,0,4387,7068
"309",2007,11,45,5,25009.866663,2189.1666661,1265,397,6583
"310",2007,11,45,6,34706.299986,3342.1000016,1105,5515,10690
"311",2007,11,45,7,30745.966676,3225.3333343,5042,301,6374
"312",2007,11,45,8,25017.666655,2244.9666659,1715,314,6500
"313",2007,11,45,9,36187.100013,1887.3666674,0,4573,15375
"314",2007,11,45,10,43526.666647,3960.8666689,3697,304,13767
"315",2007,11,45,11,31452.066667,3093.5000005,3445,320,6024
"316",2007,11,46,12,35935.766668,2291.133336,1018,4165,13281
"317",2007,11,46,13,36906.633338,2349.2000009,978,4933,11076
"318",2007,11,46,14,34133.233331,2359.833333,1055,295,16345
"319",2007,11,46,15,24866.466646,2217.766667,1606,571,7503
"320",2007,11,46,16,38495.900015,2066.2999989,1991,4660,13564
"321",2007,11,46,17,43501.566669,2800.5000007,2588,2199,14990
"322",2007,11,46,18,36397.633336,2696.0333336,5201,2097,7066
"323",2007,11,47,19,28727.566673,1867.1666666,1089,253,10750
"324",2007,11,47,20,34930.933317,2080.5333335,1015,3954,11026
"325",2007,11,47,21,29253.533316,2193.5333331,1141,549,9473
"326",2007,11,47,22,32206.299994,2385.1333358,2867,297,9001
"327",2007,11,47,23,42043.633329,2315.2000008,2168,6181,13685
"328",2007,11,47,24,31650.899996,2508.5333316,1573,4131,13451
"329",2007,11,47,25,23259.966694,2046.2666689,3556,279,5678
"330",2007,11,48,26,26161.93333,1950.8333332,1088,288,8926
"331",2007,11,48,27,46683.533338,2333.2333337,1063,11020,15111
"332",2007,11,48,28,27415.666664,1924.0333338,1182,769,7810
"333",2007,11,48,29,28657.533347,1978.5000003,2031,283,8818
"334",2007,11,48,30,38862.133347,2454.6666685,0,7941,13601
"335",2007,12,48,1,52249.033343,4814.8666665,9356,353,17847
"336",2007,12,48,2,49103.133325,5418.033334,2090,6915,10636
"337",2007,12,49,3,29367.66667,2198.5666664,1141,299,10428
"338",2007,12,49,4,34460.599981,2416.933334,1012,5828,8561
"339",2007,12,49,5,35885.333331,2973.2999981,3422,295,10919
"340",2007,12,49,6,41465.566674,2698.9333336,4751,318,11908
"341",2007,12,49,7,29483.599983,2460.6666673,459,3710,10263
"342",2007,12,49,8,36890.066649,2572.3333327,1133,2354,12283
"343",2007,12,49,9,37909.733334,3348.9333336,4176,2428,8728
"344",2007,12,50,10,29312.566651,2083.5333356,1102,278,8281
"345",2007,12,50,11,38418.400014,2228.3000008,1050,3817,12740
"346",2007,12,50,12,26467.699984,1948.099999,1152,254,7759
"347",2007,12,50,13,30795.766677,1858.1666664,1103,1448,8911
"348",2007,12,50,14,32913.466656,2992.4999992,980,3849,12941
"349",2007,12,50,15,45614.599992,2627.0999983,1706,3687,14313
"350",2007,12,50,16,46036.966676,2115.6333348,3410,2281,12929
"351",2007,12,51,17,29973.700002,1753.2333356,1636,243,10567
"352",2007,12,51,18,43719.899997,2401.3333331,1123,5810,11093
"353",2007,12,51,19,36600.866666,1822.2666664,1233,2658,11679
"354",2007,12,51,20,32495.966643,1990.566666,1859,276,13592
"355",2007,12,51,21,33042.933328,1774.5000004,1191,200,12251
"356",2007,12,51,22,43521.066661,2355.2333352,3819,4550,12673
"357",2007,12,51,23,40150.800002,2937.8666675,1971,3091,11962
"358",2007,12,52,24,37630.799996,2495.9000012,2985,2316,14350
"359",2007,12,52,25,44916.13334,2530.2000016,4588,3368,9084
"360",2007,12,52,26,43004.666681,2338.5666666,1109,2773,9480
"361",2007,12,52,27,42203.299997,3176.3666674,4122,1490,7960
"362",2007,12,52,28,51884.199989,3446.6666672,1980,8554,15823
"363",2007,12,52,29,54982.599988,3331.5333353,4836,2434,14906
"364",2007,12,52,30,42648.599976,2973.9333348,3595,3597,13485
"365",2007,12,53,31,36942.366665,2425.5999993,0,3457,14071
"366",2008,1,1,1,45995.633332,2375.1333344,2461,2739,12355
"367",2008,1,1,2,27401.766655,1861.1000015,0,3094,8987
"368",2008,1,1,3,25168.466665,2019.7000008,1130,846,6671
"369",2008,1,1,4,38197.533329,2278.4333353,1241,5326,11752
"370",2008,1,1,5,36387.466683,2157.7333335,2113,286,14591
"371",2008,1,1,6,30419.733312,1949.2999981,1966,2445,7824
"372",2008,1,1,7,28263.566645,1936.1999999,1288,282,10294
"373",2008,1,2,8,34059.166661,2124.1999999,2197,3511,9793
"374",2008,1,2,9,29807.333323,2088.933335,1162,284,8963
"375",2008,1,2,10,31567.933343,2008.4000002,1307,285,9992
"376",2008,1,2,11,28430.299987,1591.4000027,1261,290,7997
"377",2008,1,2,12,47856.799984,2712.0666677,5594,2621,11116
"378",2008,1,2,13,48101.833339,2413.1000007,6505,341,9379
"379",2008,1,2,14,33748.866676,2001.8333345,5918,339,9738
"380",2008,1,3,15,44781.866676,1885.7333347,782,6883,14512
"381",2008,1,3,16,35597.53333,2148.8333346,1162,3430,9391
"382",2008,1,3,17,26204.699992,1945.2999995,1007,350,8657
"383",2008,1,3,18,36449.800006,1988.1666671,1034,846,14983
"384",2008,1,3,19,33005.099986,2249.6999999,2521,6054,8015
"385",2008,1,3,20,29006.133349,2310.2333331,1775,380,4940
"386",2008,1,3,21,30983.300003,2040.0000021,0,376,10447
"387",2008,1,4,22,38750.300005,2391.033334,4670,7640,7552
"388",2008,1,4,23,31371.80001,1799.733336,1116,387,13359
"389",2008,1,4,24,27417.033342,1738.4333337,1107,320,5935
"390",2008,1,4,25,37330.933338,1993.7666692,0,2421,11409
"391",2008,1,4,26,47249.799995,2807.0333342,4925,311,15606
"392",2008,1,4,27,39696.099995,2345.9666677,3725,3818,7367
"393",2008,1,4,28,38469.93334,1797.266667,1142,280,12792
"394",2008,1,5,29,44600.400008,1952.9333345,1487,6199,11077
"395",2008,1,5,30,27344.100014,1941.1666679,0,261,7261
"396",2008,1,5,31,32565.366677,2292.9333332,1165,267,9437
"397",2008,2,5,1,25577.533342,2987.5000008,336,280,7241
"398",2008,2,5,2,49007.299989,3857.1000019,6286,2764,15206
"399",2008,2,5,3,34742.799984,2561.8000008,2319,4435,8452
"400",2008,2,5,4,27135.633344,1733.8999995,1161,252,9531
"401",2008,2,6,5,41207.600003,2546.4333337,1098,7803,13717
"402",2008,2,6,6,27825.666647,1904.3333344,2114,356,8428
"403",2008,2,6,7,25305.16666,1811.7666673,0,295,8089
"404",2008,2,6,8,32509.399996,1984.9000018,940,1921,9563
"405",2008,2,6,9,35037.933315,2408.8000005,2050,2838,10293
"406",2008,2,6,10,36411.900002,2528.9333338,2562,2955,10128
"407",2008,2,6,11,28200.266655,1704.1000006,1018,297,8930
"408",2008,2,7,12,33129.966658,2182.4333331,2009,1856,12138
"409",2008,2,7,13,31674.966654,2141.3000007,2530,3615,7568
"410",2008,2,7,14,26743.700014,1894.1000001,1300,291,9299
"411",2008,2,7,15,33420.133341,1799.2000016,1109,1723,13417
"412",2008,2,7,16,39115.800001,2316.5666678,1076,2360,11599
"413",2008,2,7,17,32222.800021,2001.2666665,3182,2257,6049
"414",2008,2,7,18,25240.066666,1699.5333315,0,251,10345
"415",2008,2,8,19,35448.599976,2292.8000004,1881,4711,11200
"416",2008,2,8,20,37563.166664,3171.1333345,3655,5516,7704
"417",2008,2,8,21,27230.833332,1871.2333363,0,307,8523
"418",2008,2,8,22,28876.066667,2028.1333349,1167,1985,10101
"419",2008,2,8,23,30607.899982,2208.4000002,1684,2250,10074
"420",2008,2,8,24,21050.133335,1788.8666644,754,332,11447
"421",2008,2,8,25,8408.133325,1528.6666664,0,321,1856
"422",2008,2,9,26,8452.000011,1409.8333343,0,295,2013
"423",2008,2,9,27,9445.333322,1436.133331,0,326,2969
"424",2008,2,9,28,8486.40001,1387.4666655,0,281,2028
"425",2008,2,9,29,22222.466681,1482.4666692,0,3773,8062
"426",2008,3,9,1,19031.266662,1752.6333329,0,1287,2724
"427",2008,3,9,2,19370.433352,2411.8333335,0,5244,2565
"428",2008,3,9,3,17342.500001,1905.5666645,0,2207,1755
"429",2008,3,10,4,27816.499976,1815.9666671,1249,2443,9415
"430",2008,3,10,5,33953.466674,2348.300001,1145,9797,5529
"431",2008,3,10,6,41720.133351,1769.7333337,1082,372,6965
"432",2008,3,10,7,31049.266653,2156.5333339,1235,3471,9033
"433",2008,3,10,8,37477.666672,3951.3333327,6286,346,8435
"434",2008,3,10,9,26007.63334,2259.5666649,2607,333,4155
"435",2008,3,10,10,26978.100029,2118.7333337,2009,368,8660
"436",2008,3,11,11,36667.366657,2518.3333332,1271,3901,12936
"437",2008,3,11,12,29570.533344,2303.2333331,1120,2374,11042
"438",2008,3,11,13,27925.233327,2141.2333342,3263,3590,5464
"439",2008,3,11,14,36836.999985,2662.4666675,980,3881,14476
"440",2008,3,11,15,26271.666675,2573.5333318,2550,502,5910
"441",2008,3,11,16,30032.666663,2894.199999,2394,566,11286
"442",2008,3,11,17,28448.633327,2921.2333347,236,6651,9346
"443",2008,3,12,18,31959.433334,2457.3333337,1156,4019,12544
"444",2008,3,12,19,21807.466664,2374.9666674,2110,411,6154
"445",2008,3,12,20,20887.900006,2014.233335,1107,478,6670
"446",2008,3,12,21,34440.699998,3730.3999983,2171,4778,13275
"447",2008,3,12,22,34225.266661,3094.666668,3322,588,12405
"448",2008,3,12,23,38766.500016,2540.7666676,6279,2112,13878
"449",2008,3,12,24,32937.866647,2185.4999998,1131,5989,7026
"450",2008,3,13,25,33597.600004,2130.5333348,2246,3677,13494
"451",2008,3,13,26,27224.533349,2226.633336,2547,3831,7547
"452",2008,3,13,27,22847.033354,1940.666668,0,356,9022
"453",2008,3,13,28,31423.733333,2294.0000003,2325,3605,11581
"454",2008,3,13,29,41185.833316,2917.8000013,5153,375,17240
"455",2008,3,13,30,35773.200009,2932.8333341,5045,1315,9769
"456",2008,3,13,31,22959.500027,2181.0000009,1091,411,9387
"457",2008,4,14,1,35484.200012,2839.9333342,1079,6657,14515
"458",2008,4,14,2,28194.533329,2375.6666664,1106,3674,7989
"459",2008,4,14,3,18812.600027,2020.5999987,0,422,6901
"460",2008,4,14,4,27198.633309,2088.4333351,2133,775,13246
"461",2008,4,14,5,32846.033343,3394.7333348,2929,874,13644
"462",2008,4,14,6,28271.966655,2509.5333337,1124,2615,7552
"463",2008,4,14,7,25647.300001,2354.6666671,2420,672,9466
"464",2008,4,15,8,44291.933331,3069.5999995,2752,10713,17519
"465",2008,4,15,9,20314.199991,2214.3999987,0,376,9003
"466",2008,4,15,10,24629.100004,2727.9999995,3261,457,6527
"467",2008,4,15,11,31294.400007,2398.1666676,1802,491,14522
"468",2008,4,15,12,46666.899981,6537.8666679,7076,2499,15225
"469",2008,4,15,13,37216.433328,3558.5666682,2554,5942,13007
"470",2008,4,15,14,26493.033325,2582.633332,0,425,11197
"471",2008,4,16,15,27840.100019,2979.6999986,1174,3998,9874
"472",2008,4,16,16,24817.733335,2098.4000006,838,403,11322
"473",2008,4,16,17,23264.366671,2431.2999981,1719,417,8638
"474",2008,4,16,18,31039.833352,3077.4333363,2174,3832,10921
"475",2008,4,16,19,37561.833344,4088.0666676,4319,2457,14722
"476",2008,4,16,20,29856.966683,3797.5666644,1030,4544,10401
"477",2008,4,16,21,19402.600005,2923.3333327,0,2673,6788
"478",2008,4,17,22,27127.933332,3219.1666684,971,5093,10603
"479",2008,4,17,23,22622.13333,3158.3666666,1380,492,8406
"480",2008,4,17,24,17396.200004,2865.3999998,1263,522,5296
"481",2008,4,17,25,21128.900001,2703.7333336,824,2004,9400
"482",2008,4,17,26,15052.766665,2811.5999988,0,634,3586
"483",2008,4,17,27,16804.000017,3301.966666,693,588,5488
"484",2008,4,17,28,10984.199993,2785.3000003,0,621,2786
"485",2008,4,18,29,32876.933329,3589.2666673,1402,5411,10481
"486",2008,4,18,30,18362.099999,2859.2666653,1057,590,6653
"487",2008,5,18,1,9600.23333,2511.6,0,530,2586
"488",2008,5,18,2,24962.799998,3426.133333,3114,584,8687
"489",2008,5,18,3,21493.333328,3366.7333322,996,541,6535
"490",2008,5,18,4,24516.166652,3490.3666699,2196,2872,5464
"491",2008,5,18,5,22782.200003,3095.8333336,1008,378,10197
"492",2008,5,19,6,29832.999989,3326.6000006,1354,5410,12200
"493",2008,5,19,7,19604.400007,3182.5999997,1030,423,6649
"494",2008,5,19,8,35278.299998,4220.733333,3667,702,12717
"495",2008,5,19,9,29121.199994,3831.2333319,2229,423,11904
"496",2008,5,19,10,31818.800009,4830.2333348,6950,612,11714
"497",2008,5,19,11,26848.666646,4595.0333333,563,1340,6930
"498",2008,5,19,12,25403.399991,3818.9999982,2082,1085,11959
"499",2008,5,20,13,24614.900017,3941.133334,823,4089,8370
"500",2008,5,20,14,26404.366652,4622.9000006,2467,3436,9716
"501",2008,5,20,15,19379.466672,3962.0666685,868,570,6820
"502",2008,5,20,16,27518.766655,3923.3000028,2228,2569,8957
"503",2008,5,20,17,27624.23333,4598.2666682,2158,935,12472
"504",2008,5,20,18,30065.966647,4241.5333318,1775,5355,8626
"505",2008,5,20,19,17171.033324,2928.9333339,1014,558,7503
"506",2008,5,21,20,26355.566664,3068.0333337,1352,2431,11977
"507",2008,5,21,21,22068.53333,3172.0999993,1989,474,9251
"508",2008,5,21,22,16281.133359,2830.2666654,996,440,6475
"509",2008,5,21,23,24748.600006,2982.6333347,0,1390,14734
"510",2008,5,21,24,26336.266662,4759.1666657,1027,569,12833
"511",2008,5,21,25,34141.733334,4840.2666664,4307,8811,6016
"512",2008,5,21,26,21495.16667,3678.2999997,985,666,9284
"513",2008,5,22,27,28478.333335,3457.7666658,0,5352,11478
"514",2008,5,22,28,18572.866648,3927.4,3138,512,6709
"515",2008,5,22,29,18917.933332,3113.8666659,1004,507,8703
"516",2008,5,22,30,23287.400014,3036.9666646,0,3019,11298
"517",2008,5,22,31,27357.833341,4165.3999955,1764,2328,11858
"518",2008,6,22,1,30814.599999,3755.666668,1906,545,11307
"519",2008,6,22,2,17900.200011,2752.633335,960,558,6341
"520",2008,6,23,3,26630.266659,2898.9666653,2897,2608,9265
"521",2008,6,23,4,26481.866704,2540.0666674,1550,7682,6508
"522",2008,6,23,5,18667.966676,2551.7666673,1747,506,8781
"523",2008,6,23,6,20295.233335,2908.6666667,1009,506,7871
"524",2008,6,23,7,31374.733341,3106.9000006,2379,2611,14593
"525",2008,6,23,8,25705.366645,3139.7333344,2536,3161,9732
"526",2008,6,23,9,22094.966676,3060.6666655,1967,2085,7921
"527",2008,6,24,10,17784.833308,3600.2999992,907,585,8992
"528",2008,6,24,11,18720.100016,3572.8666672,977,842,7566
"529",2008,6,24,12,20988.866659,3154.8666669,1951,567,7246
"530",2008,6,24,13,31251.666658,4698.9333354,2809,7358,10531
"531",2008,6,24,14,23082.000042,5737.9999977,1862,1011,10681
"532",2008,6,24,15,38151.700008,4683.4333337,6471,6802,11589
"533",2008,6,24,16,21717.399976,3406.3666652,1980,464,10012
"534",2008,6,25,17,19084.733336,2924.4000008,1080,432,10094
"535",2008,6,25,18,31560.133311,4545.3999991,7549,3040,12687
"536",2008,6,25,19,26468.033315,3156.9666648,3411,1514,10911
"537",2008,6,25,20,27935.066681,3790.3333336,2948,2935,12417
"538",2008,6,25,21,28904.233328,3983.8000012,940,5823,12828
"539",2008,6,25,22,26106.933343,4902.3999993,4705,1175,10652
"540",2008,6,25,23,20863.266651,3515.9333345,2600,581,10124
"541",2008,6,26,24,29240.866657,4217.0333319,2779,3489,14271
"542",2008,6,26,25,21029.500023,4843.7666668,2773,569,9402
"543",2008,6,26,26,17600.333338,3623.566665,921,572,8971
"544",2008,6,26,27,29252.53334,4366.8000009,4159,2372,10163
"545",2008,6,26,28,20146.666665,3515.8999992,0,2000,7932
"546",2008,6,26,29,12489.199974,3061.0666653,955,535,3896
"547",2008,6,26,30,13403.266704,3158.7666675,0,521,6819
"548",2008,7,27,1,20254.000002,4629.8000012,3465,587,8390
"549",2008,7,27,2,19120.03334,4442.2999994,962,650,7002
"550",2008,7,27,3,18306.000029,3562.4666681,958,2569,7410
"551",2008,7,27,4,15700.333362,3135.5333325,0,589,8302
"552",2008,7,27,5,24484.799987,3746.3333325,1875,6754,8365
"553",2008,7,27,6,30084.399989,4226.3666689,4258,5230,7536
"554",2008,7,27,7,16389.833333,3380.1666682,2171,592,7149
"555",2008,7,28,8,18770.233301,3271.9666637,991,503,7592
"556",2008,7,28,9,15321.966651,3195.3999988,951,499,7352
"557",2008,7,28,10,20854.599999,4004.0333351,982,552,8186
"558",2008,7,28,11,20903.599986,4183.9333321,724,558,9251
"559",2008,7,28,12,22147.53335,4435.399998,4436,2617,7231
"560",2008,7,28,13,20910.566657,2781.7999991,1671,3164,7056
"561",2008,7,28,14,18965.433366,3494.4666672,2564,1995,6436
"562",2008,7,29,15,19264.333341,3182.2666663,968,552,8585
"563",2008,7,29,16,17951.03333,3441.0333332,1537,2799,4978
"564",2008,7,29,17,21985.36665,3991.7666662,1122,723,8280
"565",2008,7,29,18,21026.40002,3260.1,1143,552,9260
"566",2008,7,29,19,22400.233337,3467.1666677,2941,3146,7676
"567",2008,7,29,20,15692.233323,2876.2666665,1943,1076,5457
"568",2008,7,29,21,19274.633339,2874.1666675,1698,431,9189
"569",2008,7,30,22,12337.366684,2685.4666677,0,430,4886
"570",2008,7,30,23,15710.500008,2706.533333,1233,454,6325
"571",2008,7,30,24,18224.166678,3098.0333334,837,476,8344
"572",2008,7,30,25,14425.566665,3045.2333352,1168,492,6731
"573",2008,7,30,26,13594.733341,3555.2999996,0,948,6243
"574",2008,7,30,27,19123.266663,3885.633332,1063,858,8385
"575",2008,7,30,28,13763.400007,3308.5666684,0,509,5963
"576",2008,7,31,29,19442.633337,3473.0666668,1571,530,5802
"577",2008,7,31,30,21665.133328,3792.2666652,2548,773,6278
"578",2008,7,31,31,23210.633336,4057.9333313,1533,2808,7588
"579",2008,8,31,1,12326.266639,4211.7333336,586,1150,5091
"580",2008,8,31,2,8429.6,2971.5666662,0,504,3803
"581",2008,8,31,3,8413.033355,2767.5333349,0,499,3926
"582",2008,8,31,4,18775.466648,3230.3666679,596,4677,4411
"583",2008,8,32,5,13785.299957,3004.1333333,635,509,7118
"584",2008,8,32,6,5435.19994,3575.0666651,0,513,2215
"585",2008,8,32,7,5581.399996,3582.3333314,0,526,2357
"586",2008,8,32,8,5036.666598,3274.1333312,0,481,1980
"587",2008,8,32,9,5982.066613,3333.1666678,0,489,1902
"588",2008,8,32,10,5867.199982,3151.7666658,0,464,1905
"589",2008,8,32,11,6198.600021,3127.000002,0,489,1880
"590",2008,8,33,12,4816.399923,3117.3666652,0,462,1844
"591",2008,8,33,13,4709.733315,3063.9333336,0,451,1789
"592",2008,8,33,14,4504.29997,2966.0999989,0,441,1641
"593",2008,8,33,15,4560.899969,2969.6333314,0,439,1691
"594",2008,8,33,16,4580.233399,3027.9666679,0,442,1688
"595",2008,8,33,17,4579.933338,2991.933332,0,445,1710
"596",2008,8,33,18,4562.633329,2968.2999962,0,440,1719
"597",2008,8,34,19,4578.199994,3010.3666664,0,442,1697
"598",2008,8,34,20,4474.533361,2967.7333357,0,437,1626
"599",2008,8,34,21,4354.966628,2816.2000027,0,432,1577
"600",2008,8,34,22,4452.066652,2910.8999979,0,438,1614
"601",2008,8,34,23,4244.033407,2823.7000015,0,419,1485
"602",2008,8,34,24,4245.266678,2731.8333339,0,404,1523
"603",2008,8,34,25,4171.63337,2731.1666655,0,422,1436
"604",2008,8,35,26,4292.733336,2776.1000008,0,420,1533
"605",2008,8,35,27,4301.899954,2764.5333311,0,399,1539
"606",2008,8,35,28,4470.76664,2901.6333319,0,432,1631
"607",2008,8,35,29,4459.799956,2853.0999993,0,430,1599
"608",2008,8,35,30,4507.066573,2959.1999991,0,435,1619
"609",2008,8,35,31,25042.199961,3506.9666654,2056,3733,12136
"610",2008,9,35,1,20791.833352,3074.766667,950,521,10183
"611",2008,9,36,2,23069.233339,3743.8999997,4273,1206,6648
"612",2008,9,36,3,23141.433358,2988.133335,1326,1902,10213
"613",2008,9,36,4,20420.333302,2531.1999973,2225,404,9408
"614",2008,9,36,5,14565.999999,2453.9333334,379,431,6943
"615",2008,9,36,6,31142.899986,3971.5333324,2948,6500,13400
"616",2008,9,36,7,22877.600006,2940.7333359,3612,1707,5976
"617",2008,9,36,8,21822.066645,2676.2333318,747,2293,9559
"618",2008,9,37,9,19327.566641,3011.1666666,236,453,7728
"619",2008,9,37,10,21679.399987,2773.8333333,1009,399,10281
"620",2008,9,37,11,17145.233301,3200.633335,1005,417,7644
"621",2008,9,37,12,23212.700029,2971.6333345,1867,402,8738
"622",2008,9,37,13,27190.599994,3103.199999,930,5433,11807
"623",2008,9,37,14,26272.099979,3229.0999995,4673,445,6538
"624",2008,9,37,15,28295.13333,2268.6333321,960,364,10322
"625",2008,9,38,16,20364.36666,2601.000001,0,368,8249
"626",2008,9,38,17,25320.166656,2952.8000022,1910,3727,9371
"627",2008,9,38,18,25088.166658,3156.2666679,4202,357,7991
"628",2008,9,38,19,25314.100006,2779.4666663,1569,351,12367
"629",2008,9,38,20,21743.333349,2603.400001,0,370,12477
"630",2008,9,38,21,25551.166646,3437.7,4010,2381,8347
"631",2008,9,38,22,22642.733313,2525.3999996,1014,2448,10227
"632",2008,9,39,23,20546.466653,2752.1333335,0,2168,7920
"633",2008,9,39,24,28639.166666,2891.1999995,2019,4730,10548
"634",2008,9,39,25,18853.666712,2896.1666663,1012,751,8485
"635",2008,9,39,26,23857.499974,3526.2000012,1221,370,10890
"636",2008,9,39,27,35457.433356,4284.0000007,4347,2584,12688
"637",2008,9,39,28,28851.733329,2732.8000014,1920,385,11242
"638",2008,9,39,29,25028.966667,3323.8666659,1014,363,10677
"639",2008,9,40,30,22916.766658,2584.8666658,998,360,7415
"640",2008,10,40,1,31206.066647,3020.9333344,2249,5800,10808
"641",2008,10,40,2,22422.366668,2561.266666,0,367,9060
"642",2008,10,40,3,26876.333339,2643.2999992,4801,349,9432
"643",2008,10,40,4,35008.266678,3603.3333326,3462,629,12573
"644",2008,10,40,5,25832.499995,2438.2666669,990,3257,6071
"645",2008,10,40,6,23729.699978,2086.7333322,990,286,9562
"646",2008,10,41,7,28776.133335,3120.5666685,1016,419,9476
"647",2008,10,41,8,31009.599994,2540.166666,1044,5126,11650
"648",2008,10,41,9,33061.366664,3031.6666667,1032,3064,11652
"649",2008,10,41,10,25305.633334,2467.400001,0,389,12046
"650",2008,10,41,11,27823.100008,2580.7999997,2144,2335,11373
"651",2008,10,41,12,31799.000005,2696.7666643,2561,5822,7171
"652",2008,10,41,13,24366.266669,2464.8999999,1037,535,9483
"653",2008,10,42,14,26817.599996,2738.1000004,1177,442,9939
"654",2008,10,42,15,35948.266667,2807.700002,1998,7042,9984
"655",2008,10,42,16,26394.666684,2280.6666671,951,429,8438
"656",2008,10,42,17,31114.766672,2558.700003,2036,3187,9639
"657",2008,10,42,18,37319.833329,2710.4666665,799,1655,12146
"658",2008,10,42,19,32865.56665,3026.6000014,698,8010,4600
"659",2008,10,42,20,27792.566667,2296.8666667,844,2648,10475
"660",2008,10,43,21,34395.266671,2539.0666672,857,2663,11331
"661",2008,10,43,22,27433.499984,2489.0666663,662,2542,8487
"662",2008,10,43,23,30508.233329,2686.7999996,815,1435,10587
"663",2008,10,43,24,35553.766666,2800.2333344,7893,2277,10284
"664",2008,10,43,25,26607.133346,2087.5999986,737,480,14164
"665",2008,10,43,26,8724.866683,1925.5000003,0,360,2013
"666",2008,10,43,27,8731.533339,2149.6333339,0,402,1967
"667",2008,10,44,28,22121.499986,2417.9333376,2263,362,5090
"668",2008,10,44,29,26876.266668,2221.3666678,1037,345,4015
"669",2008,10,44,30,18310.000001,2050.4666649,0,345,2619
"670",2008,10,44,31,21430.533358,1739.1333371,0,312,10483
"671",2008,11,44,1,13841.633366,1894.5333343,0,344,1939
"672",2008,11,44,2,15176.899983,2007.8666689,0,346,2824
"673",2008,11,44,3,14126.666669,1920.8000021,963,347,1892
"674",2008,11,45,4,26038.600003,2024.6000017,0,6214,4106
"675",2008,11,45,5,52248.833368,4297.0000018,7597,10409,8362
"676",2008,11,45,6,26473.966667,3024.4666677,1033,430,6734
"677",2008,11,45,7,26986.399992,1833.1333345,1032,389,10421
"678",2008,11,45,8,28885.633338,2219.4666682,1114,3271,6069
"679",2008,11,45,9,42975.633343,3515.7666664,6301,661,14348
"680",2008,11,45,10,35215.066655,2612.0999989,1023,355,10387
"681",2008,11,46,11,40932.500003,2134.6666668,2475,2288,14651
"682",2008,11,46,12,36504.766667,2652.8666648,1066,2752,9430
"683",2008,11,46,13,20640.999996,2090.4000013,0,338,6315
"684",2008,11,46,14,27028.966702,2131.566666,2092,325,9929
"685",2008,11,46,15,50527.133345,2752.6666694,3952,3799,15635
"686",2008,11,46,16,39423.866666,2718.8333337,4791,1829,8945
"687",2008,11,46,17,25393.933318,1981.2333349,0,378,10590
"688",2008,11,47,18,29150.833323,2321.3666647,1079,369,11204
"689",2008,11,47,19,30670.633346,2774.2000003,1737,3026,8704
"690",2008,11,47,20,28205.599993,2019.8666682,1034,347,7732
"691",2008,11,47,21,27898.833328,2125.9000012,1039,348,10396
"692",2008,11,47,22,28522.799998,2081.1333359,1093,882,8320
"693",2008,11,47,23,56779.666696,3450.3000011,3631,8823,10290
"694",2008,11,47,24,53549.966662,2026.9666661,1063,510,13378
"695",2008,11,48,25,45047.500009,2509.4000026,3010,345,10471
"696",2008,11,48,26,25265.900026,1999.9333339,909,304,10002
"697",2008,11,48,27,39370.300008,2103.6333333,2491,330,12440
"698",2008,11,48,28,31432.733339,2140.4333371,1113,295,11361
"699",2008,11,48,29,40577.800029,2775.1666668,5268,2392,12386
"700",2008,11,48,30,40023.133357,2848.4000029,1161,3481,11474
"701",2008,12,48,1,26942.299999,1977.966667,1085,309,9013
"702",2008,12,49,2,29890.733318,2431.8,0,304,11343
"703",2008,12,49,3,29252.733338,2078.7000013,1137,302,9664
"704",2008,12,49,4,28977.300006,1899.8333346,1085,281,11314
"705",2008,12,49,5,34310.299993,2000.433334,831,310,9852
"706",2008,12,49,6,42063.933311,3135.7333342,4005,5749,9048
"707",2008,12,49,7,41112.333335,3003.7333344,3294,310,13627
"708",2008,12,49,8,31143.933359,2013.0333371,1117,296,13256
"709",2008,12,50,9,33385.733333,2208.5999991,1985,2553,12886
"710",2008,12,50,10,37415.500006,2565.7666692,1128,4144,12254
"711",2008,12,50,11,23875.366658,1915.2666673,1160,273,7979
"712",2008,12,50,12,30258.900011,2322.3666674,1157,255,12154
"713",2008,12,50,13,30426.233351,2721.2999991,2186,261,9271
"714",2008,12,50,14,33368.666652,2733.5666678,3742,2497,5415
"715",2008,12,50,15,29924.166676,1895.7333336,1178,252,9668
"716",2008,12,51,16,29951.500018,1909.9666676,0,253,11334
"717",2008,12,51,17,34979.766677,2270.2666667,4251,284,10813
"718",2008,12,51,18,28949.000013,1967.8333348,1125,258,11293
"719",2008,12,51,19,31368.533368,2202.566668,1538,296,11773
"720",2008,12,51,20,37402.366649,2680.6333346,1134,6479,12837
"721",2008,12,51,21,44060.166668,2251.2000004,1099,9189,14816
"722",2008,12,51,22,33596.800004,2081.1666692,2157,391,10433
"723",2008,12,52,23,29968.133348,2518.0000003,2666,2115,8326
"724",2008,12,52,24,21160.633318,1921.9666654,0,364,9981
"725",2008,12,52,25,17685.299999,1948.033335,0,285,3598
"726",2008,12,52,26,20395.533363,2070.3666676,1121,279,7796
"727",2008,12,52,27,49536.066673,1968.8666667,0,244,12209
"728",2008,12,52,28,26177.366648,1870.7999997,1953,217,5291
"729",2008,12,52,29,9254.633335,1527.3000006,0,218,2480
"730",2008,12,53,30,19920.633339,1886.7666713,0,245,7145
"731",2008,12,53,31,32736.46668,2154.5333316,2975,246,11860
"732",2009,1,1,1,23444.866641,1877.7999987,765,3845,2803
"733",2009,1,1,2,38791.833347,3412.1666656,2417,6018,11841
"734",2009,1,1,3,31891.599995,2915.2000006,6440,328,10439
"735",2009,1,1,4,32333.233335,2788.9666677,1457,5251,3245
"736",2009,1,1,5,26733.333316,2148.9666682,1247,322,8650
"737",2009,1,1,6,28164.366695,1925.9333329,0,254,12462
"738",2009,1,1,7,34671.19998,2358.3999995,2687,3820,9979
"739",2009,1,2,8,27221.16666,2072.9000003,2773,299,10075
"740",2009,1,2,9,29811.700019,1926.2000015,1802,272,9285
"741",2009,1,2,10,35049.133311,2695.5666659,2828,4288,12539
"742",2009,1,2,11,32933.133337,2387.3333359,4521,5301,5887
"743",2009,1,2,12,26487.966649,1873.8000019,0,261,12147
"744",2009,1,2,13,36376.666665,2235.7000005,1140,329,16194
"745",2009,1,2,14,29696.533313,2013.2000017,2279,332,10318
"746",2009,1,3,15,26067.800016,1925.7666674,2731,390,9561
"747",2009,1,3,16,46109.233296,2998.6666679,5811,3158,15220
"748",2009,1,3,17,55297.000015,2742.3999999,2477,3154,15322
"749",2009,1,3,18,52569.899989,3497.3333347,5649,6701,12727
"750",2009,1,3,19,28331.100002,1987.9000018,1118,376,10279
"751",2009,1,3,20,28967.133327,2231.333334,0,282,13727
"752",2009,1,3,21,28990.566649,2134.066669,1148,2159,9830
"753",2009,1,4,22,20622.600003,1926.6666661,0,341,8246
"754",2009,1,4,23,31842.266655,2104.9666677,2078,295,12146
"755",2009,1,4,24,36679.500009,2832.8999994,5096,4492,8322
"756",2009,1,4,25,47394.400006,2462.7666675,3971,5960,11213
"757",2009,1,4,26,27907.866676,1887.9333349,1121,348,9821
"758",2009,1,4,27,23750.5,2260.6000002,896,278,6608
"759",2009,1,4,28,45362.233347,1933.6666668,2301,6949,14285
"760",2009,1,5,29,26228.299982,1738.4333343,0,294,8996
"761",2009,1,5,30,34317.300013,2001.5666672,1622,280,12147
"762",2009,1,5,31,55214.199998,3978.5333342,8278,6575,15309
"763",2009,2,5,1,30462.533336,2539.9000001,3330,622,7494
"764",2009,2,5,2,26721.666681,1776.4666667,1159,232,10915
"765",2009,2,5,3,31139.83333,2050.1666681,703,878,14984
"766",2009,2,5,4,41015.400012,2526.7333342,871,6961,15960
"767",2009,2,6,5,27484.800011,2036.4666659,1104,264,12987
"768",2009,2,6,6,34139.933321,2114.5333351,1165,273,11716
"769",2009,2,6,7,52192.266687,3077.4,6822,4483,17873
"770",2009,2,6,8,36381.099997,2233.666669,5341,259,15174
"771",2009,2,6,9,28443.96667,2243.4666674,1063,228,9375
"772",2009,2,6,10,32397.033329,1930.533335,1128,263,12339
"773",2009,2,6,11,43989.833344,3989.3666665,2985,10477,12195
"774",2009,2,7,12,32810.999976,1988.0666671,1109,299,17724
"775",2009,2,7,13,28167.033358,1819.7666648,1100,254,11554
"776",2009,2,7,14,38922.166663,1979.4666692,2280,3256,18543
"777",2009,2,7,15,26433.866654,1900.3666671,2465,226,5234
"778",2009,2,7,16,21983.233318,1863.4333349,0,261,7037
"779",2009,2,7,17,13225.100002,1926.166665,0,266,3925
"780",2009,2,7,18,13774.166677,1884.4000026,0,297,5471
"781",2009,2,8,19,12287.799985,1656.3000039,1046,262,1796
"782",2009,2,8,20,31345.599996,2450.5999993,2897,293,8768
"783",2009,2,8,21,21936.400016,2590.033334,2111,262,3983
"784",2009,2,8,22,37307.966663,2930.4666661,3816,8576,7133
"785",2009,2,8,23,45560.933315,2163.3333331,1212,3744,12471
"786",2009,2,8,24,29719.066676,2055.7666682,0,1602,14512
"787",2009,2,8,25,19497.400013,1884.4999997,1092,274,7359
"788",2009,2,9,26,19280.866637,1876.6666665,0,268,6841
"789",2009,2,9,27,33815.299986,3368.6,1154,246,14831
"790",2009,2,9,28,27179.166673,3543.1333335,1145,5358,8006
"791",2009,3,9,1,41209.233346,3158.2333327,11224,2741,8852
"792",2009,3,9,2,24624.033364,2256.0666681,1560,310,6684
"793",2009,3,9,3,30815.866669,2131.7333369,1159,268,13024
"794",2009,3,9,4,30702.166681,2157.2333346,2214,2570,8393
"795",2009,3,10,5,24030.200013,1874.3666661,0,271,9094
"796",2009,3,10,6,29724.566674,2149.2666679,1144,265,12056
"797",2009,3,10,7,28274.433318,2497.7666679,1055,811,12113
"798",2009,3,10,8,39286.100011,3236.4333329,7253,5260,12691
"799",2009,3,10,9,28092.600002,2267.333334,2001,369,10336
"800",2009,3,10,10,30603.499976,1915.0333344,0,281,11610
"801",2009,3,10,11,40098.399997,2287.4000005,3476,7288,10737
"802",2009,3,11,12,31454.333335,2246.2000018,0,364,13655
"803",2009,3,11,13,24091.999981,2311.4000009,1082,311,10466
"804",2009,3,11,14,35817.133325,2587.5000012,2196,280,18036
"805",2009,3,11,15,32367.699994,2962.533333,3478,5152,8353
"806",2009,3,11,16,22300.700005,1989.133333,0,306,9291
"807",2009,3,11,17,32198.499999,3916.533334,1110,3952,12320
"808",2009,3,11,18,24178.000003,2031.7666675,1123,375,12101
"809",2009,3,12,19,19858.866659,1940.2000011,0,314,9458
"810",2009,3,12,20,24398.433334,2167.3000004,1083,308,10618
"811",2009,3,12,21,32167.033338,3294.2666678,5420,682,10266
"812",2009,3,12,22,28152.833331,2171.3333328,2017,3778,9015
"813",2009,3,12,23,21607.500013,2002.0333333,1078,310,5999
"814",2009,3,12,24,27695.200017,2447.266666,1710,352,10149
"815",2009,3,12,25,30646.233332,3233.9333334,2780,3315,10287
"816",2009,3,13,26,20183.399987,1995.8333343,0,312,8596
"817",2009,3,13,27,28565.433319,3017.9,1103,526,9947
"818",2009,3,13,28,37682.933325,4611.6666663,4527,327,12225
"819",2009,3,13,29,36944.166648,2284.8999997,1611,4024,9502
"820",2009,3,13,30,24624.200023,2188.7333333,1085,295,9901
"821",2009,3,13,31,30391.366671,2299.8000003,2202,2711,12958
"822",2009,4,13,1,27352.333321,2384.1333343,2807,2364,7309
"823",2009,4,14,2,27405.56665,2079.366668,1128,324,13500
"824",2009,4,14,3,22721.000011,2209.9666653,0,326,8556
"825",2009,4,14,4,36520.533321,3328.8,2699,4172,16251
"826",2009,4,14,5,22928.599992,3050.1999984,3832,357,6503
"827",2009,4,14,6,24210.566684,2192.3333332,799,333,10141
"828",2009,4,14,7,24001.533345,2545.5333339,1103,338,9121
"829",2009,4,14,8,25576.666675,2689.1666676,2131,2827,7968
"830",2009,4,15,9,31507.866657,2948.9333314,2682,366,13482
"831",2009,4,15,10,30701.900013,2763.2000015,2057,2822,13828
"832",2009,4,15,11,41040.766679,4227.7666667,3661,4286,18233
"833",2009,4,15,12,35683.533338,4694.5000008,7498,1504,12470
"834",2009,4,15,13,26665.4,3334.5333333,1006,5648,6209
"835",2009,4,15,14,25025.63332,3143.0000003,888,2341,9478
"836",2009,4,15,15,20267.699996,3181.4333327,1880,463,5278
"837",2009,4,16,16,26075.400006,2983.6,2896,397,9809
"838",2009,4,16,17,34046.833319,2853.2999987,0,5224,7655
"839",2009,4,16,18,25204.433327,2449.3000014,1028,2613,10699
"840",2009,4,16,19,21441.133324,2560.0666666,2201,376,8088
"841",2009,4,16,20,24775.166662,2825.0333342,0,2644,10476
"842",2009,4,16,21,31576.633324,3045.5333349,1925,375,7380
"843",2009,4,16,22,24936.633349,3398.4666663,1024,1203,13265
"844",2009,4,17,23,19024.333352,2924.2333344,1068,395,5511
"845",2009,4,17,24,19900.800005,3013.6666684,0,383,9677
"846",2009,4,17,25,33704.733337,3926.5333332,2007,3901,13225
"847",2009,4,17,26,29693.766651,3826.9666687,3053,3017,10561
"848",2009,4,17,27,22527.133329,2673.4666659,995,376,7021
"849",2009,4,17,28,28439.766669,2672.7666666,2068,371,11469
"850",2009,4,17,29,27744.666676,2360.2666642,1043,2492,9372
"851",2009,4,18,30,30579.36666,2300.9333328,1027,363,15305
"852",2009,5,18,1,25213.366656,3174.3666657,1067,1052,11709
"853",2009,5,18,2,23231.833321,2993.6666644,1430,374,9760
"854",2009,5,18,3,26814.633311,2994.9666667,3207,2593,7226
"855",2009,5,18,4,27798.033329,2434.2666671,1007,411,11374
"856",2009,5,18,5,28857.900003,2365.2333343,1049,5539,10166
"857",2009,5,18,6,22498.366681,2439.6333322,1038,1797,9058
"858",2009,5,19,7,16877.466673,2250.133335,0,374,7992
"859",2009,5,19,8,30952.600012,2581.3666666,2226,848,15426
"860",2009,5,19,9,21022.533333,3049.7333339,2090,382,6605
"861",2009,5,19,10,32793.899988,3418.1999978,4300,6670,8693
"862",2009,5,19,11,25286.266658,2640.666667,1035,457,11009
"863",2009,5,19,12,27099.266675,2500.3666661,0,2713,11335
"864",2009,5,19,13,20773.300002,2859.4333326,1419,553,7127
"865",2009,5,20,14,26783.066673,2531.8333328,0,4065,11499
"866",2009,5,20,15,23703.766655,2342.4333366,1382,494,12195
"867",2009,5,20,16,33456.300002,3108.3666642,1705,4820,12265
"868",2009,5,20,17,25729.40001,3774.3333344,2555,1926,7168
"869",2009,5,20,18,20165.099967,2576.0000008,763,374,8971
"870",2009,5,20,19,26955.733334,3148.0666678,3253,792,10981
"871",2009,5,20,20,21786.03335,3039.7000005,1061,1889,9470
"872",2009,5,21,21,26252.500012,3539.9333335,1553,1278,12563
"873",2009,5,21,22,17913.433336,3954.0333337,982,1207,8078
"874",2009,5,21,23,25509.966681,3220.8333326,480,1844,12579
"875",2009,5,21,24,21463.100008,2953.3333326,45,446,10256
"876",2009,5,21,25,22568.266661,3052.7000003,920,966,9930
"877",2009,5,21,26,22314.966669,2113.0666665,1191,866,10100
"878",2009,5,21,27,25738.200005,2081.6999999,1052,2355,11076
"879",2009,5,22,28,19662.266652,2146.4333331,1502,421,9049
"880",2009,5,22,29,20714.100008,2452.4999989,1005,434,10112
"881",2009,5,22,30,27651.766682,3894.7999986,2787,1707,11557
"882",2009,5,22,31,15948.166652,3343.5999986,1466,458,5720
"883",2009,6,22,1,24054.333349,3831.2666668,2789,461,11361
"884",2009,6,22,2,18177.299996,3728.2666679,0,506,7892
"885",2009,6,22,3,22609.633336,3348.7666677,940,1370,11577
"886",2009,6,23,4,17261.000002,2744.3666678,1906,455,6905
"887",2009,6,23,5,20506.000003,2615.8333336,0,456,12515
"888",2009,6,23,6,24590.833328,3891.6000004,1769,2732,10611
"889",2009,6,23,7,20123.199971,3648.8333347,2077,1641,6034
"890",2009,6,23,8,19646.266668,2156.0000009,1024,432,8551
"891",2009,6,23,9,22214.166638,2573.2666679,1000,414,10695
"892",2009,6,23,10,26716.599999,2653.4666656,1032,4745,9889
"893",2009,6,24,11,21677.499993,2665.5333344,0,472,10610
"894",2009,6,24,12,18362.199998,2545.0666677,1009,460,7137
"895",2009,6,24,13,17364.1095568838,2866.05789152922,0,1114.10617059891,8710.45190562613
"896",2009,6,24,14,36339.8256326679,4081.03809865699,0,512.014519056261,23711.6515426497
"897",2009,6,24,15,28307.4148084483,4109.75400991379,916,379.379310344828,16283.8965517241
"898",2009,6,24,16,25146.533349,3536.4666664,2983,1221,13691
"899",2009,6,24,17,16466.93332,3214.3333339,975,611,7193
"900",2009,6,25,18,19428.333329,2765.9000007,0,461,11223
"901",2009,6,25,19,18114.433326,2737.6666666,969,475,7737
"902",2009,6,25,20,18451.666653,2984.2666668,0,2657,9159
"903",2009,6,25,21,14252.36666,2692.1000002,1039,412,6002
"904",2009,6,25,22,18234.966654,2702.0666682,0,449,11148
"905",2009,6,25,23,17320.233344,2731.2000001,1010,1261,8186
"906",2009,6,25,24,25581.233319,3238.7000019,3059,1239,14275
"907",2009,6,26,25,12856.033331,3066.1000014,0,495,6224
"908",2009,6,26,26,21288.699996,3981.0999995,1826,538,9952
"909",2009,6,26,27,28484.200014,4527.0666675,2663,2432,13468
"910",2009,6,26,28,17656.566657,4630.3999998,0,1421,6742
"911",2009,6,26,29,16835.566668,3933.7666665,1794,598,6462
"912",2009,6,26,30,19874.099991,4719.1666676,582,1034,8989
"913",2009,7,26,1,20305.700005,4429.0333337,989,590,9747
"914",2009,7,27,2,20709.633319,4605.2999993,637,603,8032
"915",2009,7,27,3,14402.466644,4099.9333329,856,642,7371
"916",2009,7,27,4,20642.799994,6231.6999997,2084,2329,6791
"917",2009,7,27,5,23512.266675,6385.8000001,3215,1438,8014
"918",2009,7,27,6,15904.333348,4516.2000019,429,755,7142
"919",2009,7,27,7,18502.266658,4277.3000003,1292,3619,5704
"920",2009,7,27,8,20573.333321,3686.5999999,0,3514,9308
"921",2009,7,28,9,14104.199998,3244.2000026,0,656,4783
"922",2009,7,28,10,19877.433328,3636.8999972,988,2624,7492
"923",2009,7,28,11,16566.133333,4157.8666677,981,683,7756
"924",2009,7,28,12,8557.966702,3191.3333331,0,589,4060
"925",2009,7,28,13,8279.100033,3275.4333343,0,594,3881
"926",2009,7,28,14,15190.500021,4442.8999997,2303,618,6155
"927",2009,7,28,15,11967.900014,3161.533333,878,932,5820
"928",2009,7,29,16,9992.566661,4322.1000002,0,1724,3902
"929",2009,7,29,17,12196.800015,2985.5666666,0,626,6670
"930",2009,7,29,18,16106.833349,3638.9666667,0,663,5389
"931",2009,7,29,19,20060.733358,4320.8333343,0,598,5058
"932",2009,7,29,20,11041.433359,3631.0666677,914,784,4948
"933",2009,7,29,21,13562.700028,4445.0000005,0,981,7795
"934",2009,7,29,22,12325.533359,3974.666668,0,681,3965
"935",2009,7,30,23,17166.666659,3648.5000022,926,622,9064
"936",2009,7,30,24,9362.300014,3475.5999994,0,630,4128
"937",2009,7,30,25,8944.799987,3257.666667,0,577,3716
"938",2009,7,30,26,9050.266691,3996.6333351,0,1019,3799
"939",2009,7,30,27,11476.100002,5365.8333349,0,2062,5202
"940",2009,7,30,28,15047.499977,4212.7666688,0,4899,4353
"941",2009,7,30,29,15033.333346,3091.1333347,869,749,7549
"942",2009,7,31,30,13205.433349,3303.4333314,0,2304,4040
"943",2009,7,31,31,16263.833331,3804.100001,865,3423,6302
"944",2009,8,31,1,11782.766646,4044.3666669,0,844,6248
"945",2009,8,31,2,8162.066687,3424.8666675,0,637,3539
"946",2009,8,31,3,8338.300008,3288.333333,0,605,3811
"947",2009,8,31,4,8481.53331,3272.9999987,0,607,3871
"948",2009,8,31,5,8644.2,3464.9000009,0,620,4042
"949",2009,8,32,6,8877.866689,3579.7666656,0,659,4193
"950",2009,8,32,7,8988.266664,3688.166666,0,668,4232
"951",2009,8,32,8,8774.533343,3567.8000005,0,646,4093
"952",2009,8,32,9,16637.233331,4738.7666637,1984,2380,5154
"953",2009,8,32,10,17822.633336,4970.8000006,0,3719,6012
"954",2009,8,32,11,15849.233324,5124.1666665,857,1467,6577
"955",2009,8,32,12,13740.59999,4542.533332,912,689,4991
"956",2009,8,33,13,13722.583337,3630.5499996,1215,3702,2154.5
"957",2009,8,33,14,12477.933313,4022.1333334,429,850,4647
"958",2009,8,33,15,25234.36666,6412.7000012,3437,1852,8922
"959",2009,8,33,16,20295.199985,6817.5333352,1604,1094,5691
"960",2009,8,33,17,13098.46667,4191.0333329,1,813,6261
"961",2009,8,33,18,18009.966667,4112.0666679,2306,1440,6324
"962",2009,8,33,19,14679.03335,4383.233334,896,812,6044
"963",2009,8,34,20,12928.700002,4348.1666667,0,883,6138
"964",2009,8,34,21,19362.433337,4372.6999968,3043,887,7527
"965",2009,8,34,22,25812.299995,6963.9000002,4544,3203,8549
"966",2009,8,34,23,17778.466682,6197.1333321,949,819,6994
"967",2009,8,34,24,20870.899989,4751.7333336,2279,737,8247
"968",2009,8,34,25,15726.833337,4613.7666666,1140,755,6291
"969",2009,8,34,26,18942.433366,4486.9000011,2131,1516,7860
"970",2009,8,35,27,12491.100025,4186.7666669,0,664,4283
"971",2009,8,35,28,18647.366647,4114.8333329,1778,1125,7485
"972",2009,8,35,29,23140.233333,5258.6666677,905,1483,11707
"973",2009,8,35,30,27805.700003,4901.3999989,2653,1363,10648
"974",2009,8,35,31,21092.033332,3655.300002,960,678,9974
"975",2009,9,35,1,16342.26667,3617.8666673,0,697,6073
"976",2009,9,35,2,20380.233341,3464.3000001,947,659,9921
"977",2009,9,36,3,20853.133306,3557.2999993,3319,3099,5011
"978",2009,9,36,4,17073.133355,3017.7333337,0,636,8095
"979",2009,9,36,5,25231.099986,4501.1333337,2988,2248,10433
"980",2009,9,36,6,20477.166654,3675.5333318,995,588,9031
"981",2009,9,36,7,20357.633348,3358.2000016,2196,577,8299
"982",2009,9,36,8,18104.233328,3336.7333327,1002,577,8533
"983",2009,9,36,9,25355.733344,3726.1999993,964,3832,10671
"984",2009,9,37,10,18539.23337,3373.1999991,928,600,6508
"985",2009,9,37,11,20235.766666,3056.2999996,0,631,11693
"986",2009,9,37,12,34405.966655,5419.9333334,9583,1202,12601
"987",2009,9,37,13,26193.600027,4520.9666675,4146,612,10188
"988",2009,9,37,14,26247.633315,3994.4333319,2843,603,9091
"989",2009,9,37,15,24280.099993,3071.2666658,1769,560,8644
"990",2009,9,37,16,29052.699997,3295.7666679,1035,3470,13384
"991",2009,9,38,17,20390.433346,2788.0333323,0,563,9710
"992",2009,9,38,18,22900.533361,2820.1999987,1993,652,9151
"993",2009,9,38,19,35595.166677,4391.5333332,1607,4050,14845
"994",2009,9,38,20,33922.133333,4928.2333344,4532,2466,11935
"995",2009,9,38,21,23631.133351,3569.4333327,921,604,10844
"996",2009,9,38,22,20775.600002,3454.2666668,937,597,8502
"997",2009,9,38,23,27276.833338,3932.7333339,2085,978,12884
"998",2009,9,39,24,23770.966692,3734.6000017,1051,621,10374
"999",2009,9,39,25,19350.266662,3464.9333348,0,594,9694
"1000",2009,9,39,26,25937.566673,4800.6999993,1943,571,14581
"1001",2009,9,39,27,23507.866657,3841.3999997,1817,4571,8554
"1002",2009,9,39,28,21657.599969,3219.9666677,0,603,10797
"1003",2009,9,39,29,19106.633315,3331.3000002,1031,603,7322
"1004",2009,9,39,30,29601.533314,3543.4666681,970,8080,9246
"1005",2009,10,40,1,21454.2,3090.2666669,950,602,9433
"1006",2009,10,40,2,19211.133347,3052.6,0,570,10142
"1007",2009,10,40,3,28612.33332,4256.6000003,3644,920,14480
"1008",2009,10,40,4,27018.433325,3753.4999983,3189,3499,8980
"1009",2009,10,40,5,21258.699978,2692.3333323,984,542,7983
"1010",2009,10,40,6,23807.466656,2987.933333,1,543,8806
"1011",2009,10,40,7,30363.900005,3457.0333334,734,4334,9908
"1012",2009,10,41,8,26286.099999,3110.2333319,2091,619,11568
"1013",2009,10,41,9,22531.033325,3140.2999996,0,559,10718
"1014",2009,10,41,10,33545.933324,4260.3666657,4510,570,14811
"1015",2009,10,41,11,32315.599969,4483.9666657,4111,6454,8648
"1016",2009,10,41,12,22526.733328,2628.5666702,997,515,9420
"1017",2009,10,41,13,24151.666672,2756.5333363,983,530,9530
"1018",2009,10,41,14,28520.399979,2918.1666674,2001,3131,10013
"1019",2009,10,42,15,24832.933343,2327.2000021,1629,463,9641
"1020",2009,10,42,16,25281.00001,2423.0666685,0,482,11136
"1021",2009,10,42,17,45701.333327,4352.5333348,5490,4364,18326
"1022",2009,10,42,18,25936.066672,2377.3999993,712,499,11144
"1023",2009,10,42,19,22818.466672,2239.300001,1104,457,8227
"1024",2009,10,42,20,28713.466669,2525.9666685,760,450,11005
"1025",2009,10,42,21,32825.100011,3202.8333317,2031,5916,8569
"1026",2009,10,43,22,23328.499994,2597.5000012,0,492,11074
"1027",2009,10,43,23,29290.833348,3278.4000003,3180,495,11696
"1028",2009,10,43,24,43573.466678,3641.0666663,6202,518,15941
"1029",2009,10,43,25,40108.933316,4053.0333323,3010,6181,13691
"1030",2009,10,43,26,18539.066651,2670.2666659,475,468,5788
"1031",2009,10,43,27,18612.599995,2896.6333332,579,449,8367
"1032",2009,10,43,28,21145.133328,2749.5333342,1044,463,9318
"1033",2009,10,44,29,33023.999998,4197.3666649,765,4125,5677
"1034",2009,10,44,30,24889.300031,2808.8999992,1779,2005,8828
"1035",2009,10,44,31,31265.699992,2850.9666692,1773,2514,14637
"1036",2009,11,44,1,30719.46668,3698.3666665,1970,470,12215
"1037",2009,11,44,2,25070.433322,2834.7000013,1881,471,7490
"1038",2009,11,44,3,37778.133332,4029.3666673,2009,3951,9025
"1039",2009,11,44,4,30029.999986,2873.7999994,1075,4008,12246
"1040",2009,11,45,5,26007.76667,2651.0666665,1105,532,9868
"1041",2009,11,45,6,23174.166677,2822.5666656,0,442,11326
"1042",2009,11,45,7,25952.933324,3294.6666658,2187,408,10014
"1043",2009,11,45,8,41800.033338,3778.1333337,4941,2075,14871
"1044",2009,11,45,9,23461.666673,2966.0333347,1126,430,7640
"1045",2009,11,45,10,26769.733317,2788.3666689,1118,432,11788
"1046",2009,11,45,11,34008.000004,3717.8000009,2338,5105,11214
"1047",2009,11,46,12,24384.433338,2553.3000022,1486,429,9403
"1048",2009,11,46,13,25548.766672,2615.533333,1856,407,9178
"1049",2009,11,46,14,42674.266663,4097.4666692,4169,2411,18868
"1050",2009,11,46,15,32788.46668,3519.1333329,991,5278,9446
"1051",2009,11,46,16,25241.133329,2619.8999996,2021,545,9354
"1052",2009,11,46,17,28471.566664,2793.800002,0,453,11616
"1053",2009,11,46,18,43986.233315,3398.0000001,6012,7655,13787
"1054",2009,11,47,19,24580.800006,2484.2333347,0,481,10936
"1055",2009,11,47,20,32683.6,2433.7666672,843,407,12816
"1056",2009,11,47,21,41614.266637,3521.7333342,5694,1997,12553
"1057",2009,11,47,22,40849.599998,3710.6333336,6774,411,16097
"1058",2009,11,47,23,24518.699998,2472.2999999,0,402,8230
"1059",2009,11,47,24,35480.933324,2563.6666684,2491,4579,9086
"1060",2009,11,47,25,33002.166683,2924.5999993,745,5083,10596
"1061",2009,11,48,26,26660.433309,2359.033335,2262,407,10069
"1062",2009,11,48,27,23000.433328,2217.5333336,0,396,11599
"1063",2009,11,48,28,30982.499971,3753.6333312,3199,386,14350
"1064",2009,11,48,29,27516.033331,3184.2666643,1073,3061,7828
"1065",2009,11,48,30,29086.499979,2556.366667,1080,361,12039
"1066",2009,12,48,1,29272.966675,2364.5666674,0,354,10821
"1067",2009,12,48,2,39094.466678,2837.1666688,1143,7052,12851
"1068",2009,12,49,3,24661.466668,2420.3666653,1039,402,9906
"1069",2009,12,49,4,28521.566664,3053.7000002,1158,352,9134
"1070",2009,12,49,5,39196.033322,4568.5333323,3822,351,13324
"1071",2009,12,49,6,39638.133331,4864.8666673,2850,4175,12420
"1072",2009,12,49,7,29043.966666,2751.4666682,1132,358,10291
"1073",2009,12,49,8,33448.06668,2986.5333339,1108,350,15376
"1074",2009,12,49,9,30039.26664,3126.5666645,2054,3355,7971
"1075",2009,12,50,10,34300.699997,3727.7333335,2823,351,15435
"1076",2009,12,50,11,29741.033336,3660.4000008,1546,385,11251
"1077",2009,12,50,12,30273.000017,4145.4999991,1087,4120,8198
"1078",2009,12,50,13,35646.9,3703.1666672,3984,417,13178
"1079",2009,12,50,14,29914.36666,2533.033334,1090,2280,10742
"1080",2009,12,50,15,32335.266662,2705.7333344,1111,392,14084
"1081",2009,12,50,16,23247.899996,2573.833334,1143,2943,8104
"1082",2009,12,51,17,28619.699989,2482.8333334,0,308,14395
"1083",2009,12,51,18,29078.43335,2673.633334,1195,304,11466
"1084",2009,12,51,19,36738.899998,2293.466667,1165,2662,13681
"1085",2009,12,51,20,19069.43334,2035.0000002,1237,313,7795
"1086",2009,12,51,21,33916.1,2865.799999,3293,282,11473
"1087",2009,12,51,22,31467.03333,2556.0333329,0,285,15829
"1088",2009,12,51,23,24253.333335,2256.9333331,1143,284,11205
"1089",2009,12,52,24,48431.566677,3394.3333326,5184,5575,15198
"1090",2009,12,52,25,35460.799995,3206.399999,3371,3895,14288
"1091",2009,12,52,26,36393.63332,2681.399999,1186,4294,16047
"1092",2009,12,52,27,36590.866689,3452.733331,4218,318,12450
"1093",2009,12,52,28,34901.633313,3027.8000006,2175,2063,14934
"1094",2009,12,52,29,34132.799974,4034.1666657,1260,346,10205
"1095",2009,12,52,30,40851.833326,4446.5666668,5284,4539,12484
"1096",2009,12,53,31,36864.866634,3110.1999994,0,387,19409
"1097",2010,1,1,1,20404.200012,2755.6000004,2304,327,3558
"1098",2010,1,1,2,21863.433339,3327.9333339,801,298,6442
"1099",2010,1,1,3,34724.233334,3193.4999985,3842,4920,10074
"1100",2010,1,1,4,26735.533324,2606.733334,0,292,10812
"1101",2010,1,1,5,36996.333336,2482.2666675,1785,293,16468
"1102",2010,1,1,6,29619.666677,2534.6666673,1731,3256,11359
"1103",2010,1,1,7,29490.699984,1917.0666661,1198,255,12936
"1104",2010,1,2,8,29953.466673,2662.999999,0,994,12531
"1105",2010,1,2,9,38948.333341,3323.3333343,2781,4855,14734
"1106",2010,1,2,10,41807.766644,3786.1666667,3564,2032,14108
"1107",2010,1,2,11,25311.399987,2603.4333338,1251,340,10279
"1108",2010,1,2,12,36662.5300911534,3226.4666857,1550.23130990415,4487.23130990415,19052.1974440895
"1109",2010,1,2,13,41706.0196493291,2688.000048,1713.73801916933,1713.73801916933,16280.5111821086
"1110",2010,1,2,14,44890.6179775176,3302.766705,2307.03067092652,501.030670926518,5854.79137380192
"1111",2010,1,3,15,36612.666657,3638.1666652,1957,2952,13546
"1112",2010,1,3,16,35835.200004,4041.9666689,2605,2415,13652
"1113",2010,1,3,17,31775.933334,3149.7666675,1992,298,15044
"1114",2010,1,3,18,31351.633327,3196.2000005,617,295,12981
"1115",2010,1,3,19,40558.466668,2695.9000013,2044,653,19311
"1116",2010,1,3,20,39195.466689,3330.9999998,2317,3341,14563
"1117",2010,1,3,21,35630.933311,3090.3333337,894,449,16451
"1118",2010,1,4,22,29843.766658,2614.3000015,699,352,14512
"1119",2010,1,4,23,43525.033325,4343.4333351,3154,4086,16039
"1120",2010,1,4,24,37823.666665,2920.633334,3496,2760,11046
"1121",2010,1,4,25,32175.166683,2461.2333353,1368,455,16136
"1122",2010,1,4,26,34459.400006,2182.1666658,526,395,16243
"1123",2010,1,4,27,46015.033334,2479.3666678,2044,6403,18154
"1124",2010,1,4,28,35170.566664,2642,2032,504,14987
"1125",2010,1,5,29,34883.16667,2461.2333337,1488,851,18061
"1126",2010,1,5,30,47378.799989,3933.266665,3240,7544,17891
"1127",2010,1,5,31,29986.599995,2858.6000021,1715,1380,12569
"1128",2010,2,5,1,28229.633346,2079.7333329,1111,367,14623
"1129",2010,2,5,2,35957.2,2186.1333348,0,382,21536
"1130",2010,2,5,3,48383.566661,3061.5333333,2234,8423,21130
"1131",2010,2,5,4,38604.499998,2364.1333338,1074,532,23743
"1132",2010,2,6,5,34981.533355,2382.9666658,902,474,18008
"1133",2010,2,6,6,45216.433364,4943.5666665,4324,2209,17857
"1134",2010,2,6,7,27095.133324,2707.7666659,2736,3837,5546
"1135",2010,2,6,8,43037.300041,2329.1666661,1161,431,19764
"1136",2010,2,6,9,40348.866666,2328.533334,1214,410,19769
"1137",2010,2,6,10,32469.933339,2360.3666646,1219,2976,12232
"1138",2010,2,6,11,22829.466664,2069.1666687,0,330,9916
"1139",2010,2,7,12,31549.966655,2204.7000002,1241,312,15211
"1140",2010,2,7,13,39192.600008,2413.233331,1838,5292,18710
"1141",2010,2,7,14,28139.166657,2077.8666671,1225,320,13191
"1142",2010,2,7,15,34952.200007,2187.8333337,3468,332,16065
"1143",2010,2,7,16,29962.599988,1993.4333335,1945,317,12820
"1144",2010,2,7,17,34242.666679,1992.6666658,2294,6636,10101
"1145",2010,2,7,18,29352.599987,2333.3333329,965,385,14884
"1146",2010,2,8,19,32559.533334,2252.5000011,2124,397,14543
"1147",2010,2,8,20,33062.133343,2520.8000014,3748,382,14470
"1148",2010,2,8,21,45671.899999,2790.9666672,5905,8142,17083
"1149",2010,2,8,22,24567.266648,2677.0666685,1393,2167,10159
"1150",2010,2,8,23,24354.666665,2800.966666,0,3001,8806
"1151",2010,2,8,24,31904.633333,2502.1333325,2260,1682,14315
"1152",2010,2,8,25,31336.733334,2181.3000024,0,474,15120
"1153",2010,2,9,26,35335.933341,2321.8333342,1146,2454,14821
"1154",2010,2,9,27,29417.599992,2539.8333319,3743,441,14358
"1155",2010,2,9,28,11861.09999,2234.4666674,0,487,2952
"1156",2010,3,9,1,21645.466669,2167.9333336,1785,471,7115
"1157",2010,3,9,2,12781.766675,2273.2666659,0,424,3605
"1158",2010,3,9,3,15597.233363,2015.5666678,0,425,7221
"1159",2010,3,9,4,11381.333319,2099.2333334,0,436,2928
"1160",2010,3,10,5,18895.433333,2256.9333335,1108,351,5918
"1161",2010,3,10,6,13245.200002,2325.9666663,0,419,3970
"1162",2010,3,10,7,22874.533341,2232.4666661,0,4674,3679
"1163",2010,3,10,8,42618.299994,4205.6333337,4214,7645,15971
"1164",2010,3,10,9,29335.199993,2801.3000002,846,397,10893
"1165",2010,3,10,10,30377.199992,2171.6333342,1167,375,14916
"1166",2010,3,10,11,32518.166662,2539.7999988,2071,320,15706
"1167",2010,3,11,12,27423.733332,2478.5000004,1691,411,14076
"1168",2010,3,11,13,39716.833329,4422.7,2848,5534,17973
"1169",2010,3,11,14,26111.899991,3343.8666653,3464,918,7101
"1170",2010,3,11,15,29864.166671,2738.5333316,778,436,15053
"1171",2010,3,11,16,25710.833349,2795.5999993,0,457,10083
"1172",2010,3,11,17,33485.500004,3095.8000013,1136,5851,13105
"1173",2010,3,11,18,26044.699999,2770.2333344,1147,570,10845
"1174",2010,3,12,19,27723.06667,3157.9666665,0,596,12591
"1175",2010,3,12,20,15276.7793292308,6216.89487226154,0,1233,1816.92307692308
"1176",2010,3,12,21,29368.5873527692,6259.82179393846,1670,3626,3845.57692307692
"1177",2010,3,12,22,26976.500008,2859.2666687,1142,557,13859
"1178",2010,3,12,23,30369.366674,3110.5666651,2892,1153,13107
"1179",2010,3,12,24,33245.866666,3492.6333332,1075,5832,12817
"1180",2010,3,12,25,27998.066671,3112.6333338,0,611,13797
"1181",2010,3,13,26,27521.400011,3431.3666653,1078,682,12547
"1182",2010,3,13,27,30799.500018,3251.5333327,1067,3080,12483
"1183",2010,3,13,28,29970.233336,4340.4666653,1083,7895,7118
"1184",2010,3,13,29,27045.633338,3451.3666673,0,636,15420
"1185",2010,3,13,30,31774.23334,4678.6333322,1760,571,13765
"1186",2010,3,13,31,32063.366663,3359.6333323,1067,6313,12041
"1187",2010,4,13,1,28124.00001,2407.733333,1780,517,14393
"1188",2010,4,14,2,27477.033348,2548.4333358,0,483,13074
"1189",2010,4,14,3,30087.966675,3444.1666658,1778,648,17694
"1190",2010,4,14,4,28173.13333,3982.9333326,1097,831,12687
"1191",2010,4,14,5,18646.999983,2757.0000021,1755,1436,5503
"1192",2010,4,14,6,30430.866667,2843.5666681,1154,613,12476
"1193",2010,4,14,7,26616.366683,3075.4333352,1077,3440,11362
"1194",2010,4,14,8,27486.999995,2752.3666664,145,669,13322
"1195",2010,4,15,9,20555.833307,2708.0333361,1088,566,10595
"1196",2010,4,15,10,19836.800011,2992.0000007,1044,960,8933
"1197",2010,4,15,11,26719.200002,2916.8000005,5499,554,8851
"1198",2010,4,15,12,23990.433333,2628.8333332,660,611,11949
"1199",2010,4,15,13,25211.733328,2852.3333325,1097,646,13033
"1200",2010,4,15,14,27672.733335,2986.6333338,1132,5871,9194
"1201",2010,4,15,15,31202.966669,2788.9333335,2526,658,15667
"1202",2010,4,16,16,26034.366667,2839.6666664,2837,592,12623
"1203",2010,4,16,17,25961.866661,2497.7000034,553,3124,12571
"1204",2010,4,16,18,24601.76666,2470.5333352,1104,618,12550
"1205",2010,4,16,19,28476.566688,2773.3999999,1230,4255,13474
"1206",2010,4,16,20,30560.466661,2931.7000017,1388,719,16668
"1207",2010,4,16,21,26331.900004,2640.0999985,0,635,12902
"1208",2010,4,16,22,24348.400001,3110.8333352,1062,653,12492
"1209",2010,4,17,23,19675.599988,2952.7333311,0,623,10981
"1210",2010,4,17,24,25306.966656,5113.9666663,4445,1483,8223
"1211",2010,4,17,25,25712.366666,3983.1666678,0,2350,7595
"1212",2010,4,17,26,18045.266681,2773.6666658,1038,460,7635
"1213",2010,4,17,27,20848.999999,2704.6666659,0,545,8539
"1214",2010,4,17,28,14464.299989,3044.7333316,0,578,6035
"1215",2010,4,17,29,18395.400014,2895.2333329,12,679,8102
"1216",2010,4,18,30,18643.799993,3473.2333359,2695,659,6969
"1217",2010,5,18,1,22002.633334,3208.7333349,1984,4885,6751
"1218",2010,5,18,2,36465.166682,3899.6666678,1858,7966,14454
"1219",2010,5,18,3,23521.700003,2553.2000023,980,534,11825
"1220",2010,5,18,4,25282.666674,2570.6666681,0,1018,12007
"1221",2010,5,18,5,30088.466688,2153.3333351,2969,2194,12183
"1222",2010,5,18,6,21654.166672,1978.4000001,0,301,10280
"1223",2010,5,19,7,27400.066703,2419.4000027,1053,332,13602
"1224",2010,5,19,8,25557.033329,2887.0333337,3569,2435,10158
"1225",2010,5,19,9,26108.500015,3423.0666678,2888,2636,9945
"1226",2010,5,19,10,24464.866669,2404.9666681,0,403,12893
"1227",2010,5,19,11,26189.466653,2538.3333343,1156,345,11418
"1228",2010,5,19,12,33923.633347,2663.3000012,1036,4434,16362
"1229",2010,5,19,13,25904.433341,2569.6000014,2124,1477,10528
"1230",2010,5,20,14,28702.433339,2664.7333343,1045,334,16764
"1231",2010,5,20,15,32412.866669,3882.4000021,3347,336,13670
"1232",2010,5,20,16,35007.099998,2739.6999986,3361,3922,11888
"1233",2010,5,20,17,27136.366676,2456.2666678,1014,367,15344
"1234",2010,5,20,18,23686.399975,2494.2000002,0,370,11677
"1235",2010,5,20,19,23779.199996,2520.9000001,2122,659,9864
"1236",2010,5,20,20,19231.633339,2319.0000016,0,369,10101
"1237",2010,5,21,21,21573.266687,2794.9000017,1073,381,10113
"1238",2010,5,21,22,34929.533321,3544.9666671,2278,2441,17454
"1239",2010,5,21,23,24792.600006,4218.3333333,864,416,9541
"1240",2010,5,21,24,22355.533324,3800.6666671,1875,2467,7746
"1241",2010,5,21,25,19977.100024,3397.7666656,474,451,10439
"1242",2010,5,21,26,23131.400011,4026.8333362,914,4500,8530
"1243",2010,5,21,27,22055.70001,3263.9333329,932,443,10669
"1244",2010,5,22,28,23302.733339,2707.8333342,1020,413,11616
"1245",2010,5,22,29,34163.466694,3426.8666671,4057,400,16635
"1246",2010,5,22,30,27761.666679,2948.2000012,2405,2976,9708
"1247",2010,5,22,31,22341.033342,2431.2333315,1710,2171,10461
"1248",2010,6,22,1,21149.400037,2282.8333333,970,400,11858
"1249",2010,6,22,2,16348.300022,2153.9666677,0,656,8454
"1250",2010,6,22,3,23236.433298,2733.9333327,2916,451,12304
"1251",2010,6,23,4,23675.89999,3087.4000006,1695,397,12517
"1252",2010,6,23,5,33494.066657,4899.8333317,10932,1253,12223
"1253",2010,6,23,6,29113.199989,4853.0999989,7609,574,11365
"1254",2010,6,23,7,16868.033348,3068.5000005,1821,488,6737
"1255",2010,6,23,8,22700.566634,3305.5666672,1513,821,11374
"1256",2010,6,23,9,25578.033335,3042.2333331,2774,4269,8255
"1257",2010,6,23,10,20253.166698,2887.1000004,0,474,10870
"1258",2010,6,24,11,24511.200006,3642.833336,3439,468,11728
"1259",2010,6,24,12,32907.366649,4529.1666666,2705,3659,16202
"1260",2010,6,24,13,27905.933317,4228.6000003,4922,2516,9096
"1261",2010,6,24,14,20299.733345,2977.3333353,958,473,10336
"1262",2010,6,24,15,20399.43334,2984.9333323,0,488,10144
"1263",2010,6,24,16,29468.200014,3051.3000017,1875,4999,10336
"1264",2010,6,24,17,17133.633338,2804.4666678,0,488,8510
"1265",2010,6,25,18,22205.266695,2856.9666659,977,454,11977
"1266",2010,6,25,19,23603.666669,3513.4666663,2385,1803,9554
"1267",2010,6,25,20,27875.833338,2401.3333324,1021,4195,12337
"1268",2010,6,25,21,27681.499983,2828.0000044,3824,3525,11179
"1269",2010,6,25,22,25343.133331,3490.5666669,968,6176,9230
"1270",2010,6,25,23,24034.400008,4941.3666662,5740,1500,10188
"1271",2010,6,25,24,18263.000011,3846.3666641,973,883,8090
"1272",2010,6,26,25,18323.966668,3645.5666643,0,689,10466
"1273",2010,6,26,26,16360.333311,4908.1666652,921,1221,7939
"1274",2010,6,26,27,18999.400001,5078.5,2665,764,7690
"1275",2010,6,26,28,24522.333346,4681.4666671,0,809,12516
"1276",2010,6,26,29,22800.13334,5382.2000006,1746,1980,8263
"1277",2010,6,26,30,23068.933333,3976.4666662,398,806,5214
"1278",2010,7,26,1,22483.366662,4807.533337,877,921,7438
"1279",2010,7,27,2,19015.466673,4954.9666675,822,932,6337
"1280",2010,7,27,3,18667.899986,5248.4333322,0,968,6151
"1281",2010,7,27,4,25634.799993,4669.1000005,860,804,6597
"1282",2010,7,27,5,18566.500003,3897.4333335,841,837,6913
"1283",2010,7,27,6,16765.566655,3204.8666689,0,771,8451
"1284",2010,7,27,7,13913.133363,3492.2666665,879,760,5762
"1285",2010,7,27,8,20210.866661,4114.9000002,857,1350,8459
"1286",2010,7,28,9,18057.966655,5234.5666645,0,625,5356
"1287",2010,7,28,10,19241.733333,4688.0333332,907,1240,8921
"1288",2010,7,28,11,19892.866675,5043.7333308,848,594,7781
"1289",2010,7,28,12,18492.900014,4765.2000013,1724,646,6444
"1290",2010,7,28,13,23035.233313,4795.3666693,2273,2826,7894
"1291",2010,7,28,14,23491.200005,4141.3333338,1064,598,7575
"1292",2010,7,28,15,27263.599999,3205.3999999,1108,2179,8203
"1293",2010,7,29,16,13667.599992,3278.7999984,0,568,3854
"1294",2010,7,29,17,13439.199978,3022.4999994,0,541,6094
"1295",2010,7,29,18,13533.96667,2832.1666691,0,498,3943
"1296",2010,7,29,19,13352.633309,3208.3000013,0,549,6105
"1297",2010,7,29,20,14263.733333,3641.0000012,9,550,5178
"1298",2010,7,29,21,17736.099971,4070.7666645,2030,585,6178
"1299",2010,7,29,22,19407.433331,5188.0666641,0,2151,5604
"1300",2010,7,30,23,19602.633347,4754.6666671,897,2106,8295
"1301",2010,7,30,24,15361.133386,4764.2333314,0,2096,3892
"1302",2010,7,30,25,18840.166687,4302.7666703,0,3732,7549
"1303",2010,7,30,26,14735.833348,2964.333334,0,2246,4147
"1304",2010,7,30,27,15872.666671,2912.1666654,907,523,4042
"1305",2010,7,30,28,14377.566677,3047.7666661,801,544,7232
"1306",2010,7,30,29,9151.733326,2954.4333344,0,537,4158
"1307",2010,7,31,30,9187.666696,2880.9000008,0,534,4087
"1308",2010,7,31,31,9243.600034,3028.8333354,0,548,4272
"1309",2010,8,31,1,9261.066729,3074.8333329,0,558,4263
"1310",2010,8,31,2,9158.033312,3054.0666673,0,536,4191
"1311",2010,8,31,3,10253.533357,2951.9333338,0,527,4096
"1312",2010,8,31,4,9055.933369,2990.5333355,0,532,4116
"1313",2010,8,31,5,8891.266648,2894.6666699,0,517,4013
"1314",2010,8,32,6,8745.766688,2743.066666,0,507,3947
"1315",2010,8,32,7,8791.266646,2800.4333326,0,520,3968
"1316",2010,8,32,8,8807.666618,2801.5333339,0,526,3958
"1317",2010,8,32,9,8917.733367,2858.2000013,0,515,4042
"1318",2010,8,32,10,9079.299958,3030.1333327,0,525,4141
"1319",2010,8,32,11,9033.366664,2934.4000021,0,542,4118
"1320",2010,8,32,12,8828.300001,2818.2999999,0,514,3982
"1321",2010,8,33,13,8904.900005,2758.9666644,0,508,4097
"1322",2010,8,33,14,9237.833302,2675.1666686,0,512,4471
"1323",2010,8,33,15,17599.766655,3446.1666683,0,4361,5282
"1324",2010,8,33,16,18828.833345,3083.6000006,1530,463,7328
"1325",2010,8,33,17,18981.9082925334,2313.20776282374,940,745.408744984087,5666
"1326",2010,8,33,18,20992.0797011208,590.794520547945,0,358.057285180573,1440
"1327",2010,8,33,19,19786.99875467,1537.64383561644,0,931.905354919054,1440
"1328",2010,8,34,20,18581.9178082192,2484.49315068493,0,1505.75342465753,1440
"1329",2010,8,34,21,17376.8368617684,3431.34246575342,0,2079.60149439601,1440
"1330",2010,8,34,22,16077.2585666883,4282.15159847352,0,2400.27369586274,1588
"1331",2010,8,34,23,12760.966669,3446.5999983,0,565,6106
"1332",2010,8,34,24,12049.133368,2924.3000011,0,541,5712
"1333",2010,8,34,25,16340.133344,2685.5333337,969,522,8959
"1334",2010,8,34,26,12620.866691,2968.2333333,0,538,5078
"1335",2010,8,35,27,33844.166653,5071.9666682,930,7583,12707
"1336",2010,8,35,28,24047.600027,3958.3999988,2086,549,12983
"1337",2010,8,35,29,27807.999986,3194.899999,3005,534,13095
"1338",2010,8,35,30,24913.366667,3010.9333347,940,1470,11790
"1339",2010,8,35,31,22751.766659,2807.6666687,2099,1723,7958
"1340",2010,9,35,1,26555.299977,3003.0000022,1947,1194,13990
"1341",2010,9,35,2,23208.199979,2838.5333318,929,500,11785
"1342",2010,9,36,3,22440.233348,2809.9333332,940,523,9747
"1343",2010,9,36,4,29063.999994,3633.7333328,2605,734,13241
"1344",2010,9,36,5,22050.299984,3116.8333348,1609,2732,7471
"1345",2010,9,36,6,23714.599976,2686.7333353,3164,532,10174
"1346",2010,9,36,7,24197.566655,2799.3666649,1929,922,11829
"1347",2010,9,36,8,21730.199973,2853.0333337,1,495,7478
"1348",2010,9,36,9,20645.23333,2799.2333333,1813,2128,7016
"1349",2010,9,37,10,22135.13336,3334.1999984,966,654,10773
"1350",2010,9,37,11,24388.500009,3927.1666672,930,1427,8996
"1351",2010,9,37,12,26868.200003,3355.9666694,1805,2080,8891
"1352",2010,9,37,13,17938.666678,3163.2999987,1301,798,6710
"1353",2010,9,37,14,23844.633309,3283.3999988,1874,2705,10270
"1354",2010,9,37,15,16434.899996,3659.2999996,0,898,6018
"1355",2010,9,37,16,22328.966666,2855.8333331,1038,739,10310
"1356",2010,9,38,17,24960.133318,3277.3666656,1954,5496,9727
"1357",2010,9,38,18,20799.099973,2699.6333338,982,754,11779
"1358",2010,9,38,19,15326.66664,2456.7666693,0,1307,5156
"1359",2010,9,38,20,28047.20002,3253.5666659,3323,766,13262
"1360",2010,9,38,21,18522.933323,2995.2333329,0,679,7969
"1361",2010,9,38,22,25173.233335,3138.8333325,2472,1167,11768
"1362",2010,9,38,23,24164.366705,2748.9666665,1021,755,12002
"1363",2010,9,39,24,22133.200021,3087.6000017,1739,773,8666
"1364",2010,9,39,25,9755.99668936312,1327.80809559263,0,150,4454.3279877816
"1365",2010,9,39,26,22832.7696321649,728.742268041237,0,0,10434.2268041237
"1366",2010,9,39,27,37295.4503084536,412.041237113402,0,0,17164.1237113402
"1367",2010,9,39,28,48128.8833570183,532.27506635273,944,181,19496.8214967545
"1368",2010,9,39,29,28073.766654,2323.499999,1579,648,13047
"1369",2010,9,39,30,20804.633347,2553.9333337,0,771,7988
"1370",2010,10,40,1,25080.333349,2629.7333327,1752,724,11307
"1371",2010,10,40,2,32054.233343,2768.1000015,3972,741,13532
"1372",2010,10,40,3,30511.400006,3380.233336,5000,2564,7738
"1373",2010,10,40,4,29599.333309,3126.4000005,1709,722,8252
"1374",2010,10,40,5,30910.4,3544.0333369,0,3012,12037
"1375",2010,10,40,6,21924.266681,2342.8000017,1016,527,8055
"1376",2010,10,40,7,30165.899993,3001.5999994,2159,543,12666
"1377",2010,10,41,8,25174.266666,3343.6000008,964,710,9927
"1378",2010,10,41,9,26862.999989,4233.6666666,959,1585,13132
"1379",2010,10,41,10,33315.066678,5457.4333329,3325,773,10297
"1380",2010,10,41,11,27043.166659,4475.500001,1007,5006,8734
"1381",2010,10,41,12,26328.20001,2837.7999994,1104,780,9812
"1382",2010,10,41,13,34564.766647,2877.4000023,1988,611,16593
"1383",2010,10,41,14,35585.366669,3599.066668,2583,2441,14239
"1384",2010,10,42,15,26605.400004,3359.0000012,712,827,10786
"1385",2010,10,42,16,16666.899984,2798.9666674,0,645,7656
"1386",2010,10,42,17,17456.366663,3091.5666664,995,666,4681
"1387",2010,10,42,18,45231.400008,4353.0666681,2234,10218,16382
"1388",2010,10,42,19,32099.633356,3659.5000021,1025,4110,9461
"1389",2010,10,42,20,28799.400013,2709.4000007,2154,690,10330
"1390",2010,10,42,21,22586.633325,3023.9000008,755,691,6757
"1391",2010,10,43,22,27814.86666,2475.3666687,1106,478,12697
"1392",2010,10,43,23,38220.600019,3551.866667,3737,3883,13465
"1393",2010,10,43,24,39883.199983,4493.2000007,1982,7573,13238
"1394",2010,10,43,25,19388.200028,2655.4666659,0,541,6748
"1395",2010,10,43,26,15765.066684,2887.7666652,0,2488,4989
"1396",2010,10,43,27,21004.633343,2563.8666651,0,2058,8269
"1397",2010,10,43,28,24388.766661,3120.6666663,1103,2627,9087
"1398",2010,10,44,29,20073.699982,3262.0000003,1075,726,3911
"1399",2010,10,44,30,35878.33333,3255.3333342,2353,614,15303
"1400",2010,10,44,31,24607.166679,3468.0333352,1430,678,5589
"1401",2010,11,44,1,23053.000009,3118.1000018,0,634,8746
"1402",2010,11,44,2,19851.366665,3108.6666685,0,574,5784
"1403",2010,11,44,3,21554.966659,2937.7333331,1021,1108,6529
"1404",2010,11,44,4,42585.766659,4207.2999988,6029,11193,10286
"1405",2010,11,45,5,28934.800009,3008.2999994,0,790,12610
"1406",2010,11,45,6,30090.133318,3232.6333346,3255,680,9803
"1407",2010,11,45,7,27896.933319,2916.2666674,1026,621,6943
"1408",2010,11,45,8,30425.666686,2427.6000002,1087,555,13038
"1409",2010,11,45,9,33701.633336,2577.8333337,2097,583,12500
"1410",2010,11,45,10,32442.233322,2557.8666665,1026,5858,13308
"1411",2010,11,45,11,29559.866671,2536.4666658,3424,2216,6259
"1412",2010,11,46,12,30613.700018,2519.066667,2054,489,10308
"1413",2010,11,46,13,33719.566689,2703.0000001,1051,589,13853
"1414",2010,11,46,14,33973.199988,3394.8999986,5344,549,8758
"1415",2010,11,46,15,29123.033339,2111.9333338,1075,4222,8918
"1416",2010,11,46,16,25162.466695,2226.6333333,0,478,7949
"1417",2010,11,46,17,26367.199999,2365.2666674,1153,491,8915
"1418",2010,11,46,18,27535.866664,3436.6000004,2175,489,9449
"1419",2010,11,47,19,26173.333339,2048.7999984,0,483,11914
"1420",2010,11,47,20,36616.766682,2562.8000005,4367,2947,11433
"1421",2010,11,47,21,15015.166682,1993.7333372,0,506,4778
"1422",2010,11,47,22,34025.600007,2372.5666665,4855,2110,10136
"1423",2010,11,47,23,26292.266654,2290.8333349,1871,458,7611
"1424",2010,11,47,24,29937.466668,2207.6666649,1096,2848,12224
"1425",2010,11,47,25,23852.733339,1935.4666676,1076,426,5072
"1426",2010,11,48,26,24801.733347,2013.7666672,1080,385,9989
